_id,mouseSpeed,mouseAngle,mouseTremors,mouseJitters,xVariance,yVariance,totalVariance,keyHoldDuration,keyHoldStd,clickIntervalAvg,scrollSpeedAvg,keyStrokeInterval,avgTimeSpentField,averageTimeInterval,backspaceCount,repeatedKeyCount,averageTimeSpent,paste,__v
675495b96ccfc038b9f55bcb,0,0,0,0,0,0,0,0,0,0,0,,,0,1,0,2.833,0,0
675495c96ccfc038b9f55bcd,0,0,0,0,0,0,0,0,0,0,0,,,0,2,0,2.855,0,0
675495d96ccfc038b9f55bcf,0,0,0,0,0,0,0,0,0,0,0,,,0,0,0,2.855,0,0
675495ea6ccfc038b9f55bd1,0,0,0,0,0,0,0,0,0,0,0,,,0,2,0,2.85,0,0
675495fb6ccfc038b9f55bd3,0,0,0,0,0,0,0,0,0,0,0,,,0,1,0,2.86,0,0
6754960b6ccfc038b9f55bd5,0,0,0,0,0,0,0,0,0,0,0,,,0,3,0,2.821,0,0
675496326ccfc038b9f55bd7,0,0,0,0,0,0,0,0,0,0,0,,,0,3,0,2.837,0,0
675496436ccfc038b9f55bd9,0,0,0,0,0,0,0,0,0,0,0,,,0,0,0,2.821,0,0
675496536ccfc038b9f55bdb,0,0,0,0,0,0,0,0,0,0,0,,,0,2,0,2.835,0,0
675496616ccfc038b9f55bdd,0,0,0,0,0,0,0,0,0,0,0,,,0,3,0,2.843,0,0
675496726ccfc038b9f55bdf,0,0,0,0,0,0,0,0,0,0,0,,,0,1,0,2.826,0,0
675496826ccfc038b9f55be1,0,0,0,0,0,0,0,0,0,0,0,,,0,2,0,2.871,0,0
675496936ccfc038b9f55be3,0,0,0,0,0,0,0,0,0,0,0,,,0,1,0,2.837,0,0
675496a46ccfc038b9f55be5,0,0,0,0,0,0,0,0,0,0,0,,,0,1,0,2.895,0,0
675496b46ccfc038b9f55be7,0,0,0,0,0,0,0,0,0,0,0,,,0,1,0,2.853,0,0
675496c46ccfc038b9f55be9,0,0,0,0,0,0,0,0,0,0,0,,,0,2,0,2.868,0,0
675496cf6ccfc038b9f55beb,0,0,0,0,0,0,0,0,0,0,0,,,0,2,0,3.319,0,0
675496d56ccfc038b9f55bed,0,0,0,0,0,0,0,0,0,0,0,,,0,2,0,2.841,0,0
675496d76ccfc038b9f55bef,0,0,0,0,0,0,0,0,0,0,0,,,0,1,0,3.25,0,0
675496de6ccfc038b9f55bf1,0,0,0,0,0,0,0,0,0,0,0,,,0,2,0,3.3,0,0
675496e56ccfc038b9f55bf3,0,0,0,0,0,0,0,0,0,0,0,,,0,3,0,2.853,0,0
675496e66ccfc038b9f55bf5,0,0,0,0,0,0,0,0,0,0,0,,,0,1,0,3.264,0,0
675496ee6ccfc038b9f55bf7,0,0,0,0,0,0,0,0,0,0,0,,,0,2,0,3.345,0,0
675496f56ccfc038b9f55bf9,0,0,0,0,0,0,0,0,0,0,0,,,0,0,0,3.262,0,0
675496f66ccfc038b9f55bfb,0,0,0,0,0,0,0,0,0,0,0,,,0,2,0,2.874,0,0
675496fd6ccfc038b9f55bfd,0,0,0,0,0,0,0,0,0,0,0,,,0,0,0,3.265,0,0
675497076ccfc038b9f55bff,0,0,0,0,0,0,0,0,0,0,0,,,0,2,0,2.83,0,0
675497586ccfc038b9f55c01,0,0,0,0,0,0,0,0,0,0,0,,,0,1,0,3.283,0,0
675497596ccfc038b9f55c03,0,0,0,0,0,0,0,0,0,0,0,,,0,3,0,2.867,0,0
6754975f6ccfc038b9f55c05,0,0,0,0,0,0,0,0,0,0,0,,,0,2,0,3.29,0,0
675497676ccfc038b9f55c07,0,0,0,0,0,0,0,0,0,0,0,,,0,0,0,3.235,0,0
675497696ccfc038b9f55c09,0,0,0,0,0,0,0,0,0,0,0,,,0,3,0,2.812,0,0
6754976e6ccfc038b9f55c0b,0,0,0,0,0,0,0,0,0,0,0,,,0,3,0,3.295,0,0
675497766ccfc038b9f55c0d,0,0,0,0,0,0,0,0,0,0,0,,,0,1,0,3.531,0,0
6754977a6ccfc038b9f55c0f,0,0,0,0,0,0,0,0,0,0,0,,,0,1,0,2.814,0,0
6754977d6ccfc038b9f55c11,0,0,0,0,0,0,0,0,0,0,0,,,0,1,0,3.318,0,0
675497856ccfc038b9f55c13,0,0,0,0,0,0,0,0,0,0,0,,,0,0,0,3.273,0,0
6754978a6ccfc038b9f55c15,0,0,0,0,0,0,0,0,0,0,0,,,0,1,0,2.866,0,0
6754978d6ccfc038b9f55c17,0,0,0,0,0,0,0,0,0,0,0,,,0,2,0,3.303,0,0
675497946ccfc038b9f55c19,0,0,0,0,0,0,0,0,0,0,0,,,0,1,0,3.283,0,0
6754979b6ccfc038b9f55c1b,0,0,0,0,0,0,0,0,0,0,0,,,0,1,0,2.859,0,0
6754979b6ccfc038b9f55c1d,0,0,0,0,0,0,0,0,0,0,0,,,0,1,0,3.338,0,0
675497a36ccfc038b9f55c1f,0,0,0,0,0,0,0,0,0,0,0,,,0,1,0,3.282,0,0
675497aa6ccfc038b9f55c21,0,0,0,0,0,0,0,0,0,0,0,,,0,1,0,3.264,0,0
675497ab6ccfc038b9f55c23,0,0,0,0,0,0,0,0,0,0,0,,,0,4,0,2.85,0,0
675497b26ccfc038b9f55c25,0,0,0,0,0,0,0,0,0,0,0,,,0,0,0,3.5,0,0
675497b96ccfc038b9f55c27,0,0,0,0,0,0,0,0,0,0,0,,,0,1,0,3.317,0,0
675497bc6ccfc038b9f55c29,0,0,0,0,0,0,0,0,0,0,0,,,0,3,0,2.863,0,0
675497c16ccfc038b9f55c2b,0,0,0,0,0,0,0,0,0,0,0,,,0,0,0,3.266,0,0
675497c86ccfc038b9f55c2d,0,0,0,0,0,0,0,0,0,0,0,,,0,1,0,3.269,0,0
675497cc6ccfc038b9f55c2f,0,0,0,0,0,0,0,0,0,0,0,,,0,1,0,2.825,0,0
675497d06ccfc038b9f55c31,0,0,0,0,0,0,0,0,0,0,0,,,0,1,0,3.286,0,0
675497d76ccfc038b9f55c33,0,0,0,0,0,0,0,0,0,0,0,,,0,1,0,3.305,0,0
675497dd6ccfc038b9f55c35,0,0,0,0,0,0,0,0,0,0,0,,,0,1,0,2.839,0,0
675497df6ccfc038b9f55c37,0,0,0,0,0,0,0,0,0,0,0,,,0,1,0,3.295,0,0
675497e76ccfc038b9f55c39,0,0,0,0,0,0,0,0,0,0,0,,,0,1,0,3.303,0,0
675497ed6ccfc038b9f55c3b,0,0,0,0,0,0,0,0,0,0,0,,,0,1,0,2.863,0,0
675497ee6ccfc038b9f55c3d,0,0,0,0,0,0,0,0,0,0,0,,,0,1,0,3.293,0,0
675497f66ccfc038b9f55c3f,0,0,0,0,0,0,0,0,0,0,0,,,0,1,0,3.283,0,0
675497fd6ccfc038b9f55c41,0,0,0,0,0,0,0,0,0,0,0,,,0,1,0,3.265,0,0
675497fe6ccfc038b9f55c43,0,0,0,0,0,0,0,0,0,0,0,,,0,3,0,2.827,0,0
675498056ccfc038b9f55c45,0,0,0,0,0,0,0,0,0,0,0,,,0,1,0,3.305,0,0
6754980c6ccfc038b9f55c47,0,0,0,0,0,0,0,0,0,0,0,,,0,1,0,3.279,0,0
6754980e6ccfc038b9f55c49,0,0,0,0,0,0,0,0,0,0,0,,,0,6,0,2.867,0,0
675498146ccfc038b9f55c4b,0,0,0,0,0,0,0,0,0,0,0,,,0,1,0,3.335,0,0
6754981c6ccfc038b9f55c4d,0,0,0,0,0,0,0,0,0,0,0,,,0,1,0,3.304,0,0
6754981f6ccfc038b9f55c4f,0,0,0,0,0,0,0,0,0,0,0,,,0,2,0,2.826,0,0
675498236ccfc038b9f55c51,0,0,0,0,0,0,0,0,0,0,0,,,0,2,0,3.289,0,0
6754982b6ccfc038b9f55c53,0,0,0,0,0,0,0,0,0,0,0,,,0,0,0,3.316,0,0
6754982f6ccfc038b9f55c55,0,0,0,0,0,0,0,0,0,0,0,,,0,2,0,2.838,0,0
675498326ccfc038b9f55c57,0,0,0,0,0,0,0,0,0,0,0,,,0,1,0,3.326,0,0
6754983a6ccfc038b9f55c59,0,0,0,0,0,0,0,0,0,0,0,,,0,0,0,3.279,0,0
675498406ccfc038b9f55c5b,0,0,0,0,0,0,0,0,0,0,0,,,0,1,0,2.811,0,0
675498416ccfc038b9f55c5d,0,0,0,0,0,0,0,0,0,0,0,,,0,1,0,3.291,0,0
675498496ccfc038b9f55c5f,0,0,0,0,0,0,0,0,0,0,0,,,0,2,0,3.304,0,0
675498506ccfc038b9f55c61,0,0,0,0,0,0,0,0,0,0,0,,,0,0,0,3.284,0,0
675498506ccfc038b9f55c63,0,0,0,0,0,0,0,0,0,0,0,,,0,0,0,2.887,0,0
675498576ccfc038b9f55c65,0,0,0,0,0,0,0,0,0,0,0,,,0,0,0,3.278,0,0
6754985f6ccfc038b9f55c67,0,0,0,0,0,0,0,0,0,0,0,,,0,3,0,3.255,0,0
675498616ccfc038b9f55c69,0,0,0,0,0,0,0,0,0,0,0,,,0,0,0,2.843,0,0
675498676ccfc038b9f55c6b,0,0,0,0,0,0,0,0,0,0,0,,,0,3,0,3.369,0,0
6754986e6ccfc038b9f55c6d,0,0,0,0,0,0,0,0,0,0,0,,,0,0,0,3.263,0,0
675498716ccfc038b9f55c6f,0,0,0,0,0,0,0,0,0,0,0,,,0,2,0,2.859,0,0
675498766ccfc038b9f55c71,0,0,0,0,0,0,0,0,0,0,0,,,0,0,0,3.269,0,0
6754987d6ccfc038b9f55c73,0,0,0,0,0,0,0,0,0,0,0,,,0,2,0,3.282,0,0
675498826ccfc038b9f55c75,0,0,0,0,0,0,0,0,0,0,0,,,0,1,0,2.933,0,0
675498856ccfc038b9f55c77,0,0,0,0,0,0,0,0,0,0,0,,,0,3,0,3.359,0,0
6754988c6ccfc038b9f55c79,0,0,0,0,0,0,0,0,0,0,0,,,0,2,0,3.369,0,0
675498936ccfc038b9f55c7b,0,0,0,0,0,0,0,0,0,0,0,,,0,3,0,2.916,0,0
675498946ccfc038b9f55c7d,0,0,0,0,0,0,0,0,0,0,0,,,0,1,0,3.299,0,0
6754989b6ccfc038b9f55c7f,0,0,0,0,0,0,0,0,0,0,0,,,0,1,0,3.341,0,0
675498a36ccfc038b9f55c81,0,0,0,0,0,0,0,0,0,0,0,,,0,1,0,3.323,0,0
675498a36ccfc038b9f55c83,0,0,0,0,0,0,0,0,0,0,0,,,0,1,0,2.919,0,0
675498aa6ccfc038b9f55c85,0,0,0,0,0,0,0,0,0,0,0,,,0,1,0,3.288,0,0
675498b26ccfc038b9f55c87,0,0,0,0,0,0,0,0,0,0,0,,,0,0,0,3.265,0,0
675498b46ccfc038b9f55c89,0,0,0,0,0,0,0,0,0,0,0,,,0,1,0,2.914,0,0
675498b96ccfc038b9f55c8b,0,0,0,0,0,0,0,0,0,0,0,,,0,0,0,3.301,0,0
675498c16ccfc038b9f55c8d,0,0,0,0,0,0,0,0,0,0,0,,,0,1,0,3.311,0,0
675498c46ccfc038b9f55c8f,0,0,0,0,0,0,0,0,0,0,0,,,0,1,0,2.901,0,0
675498c86ccfc038b9f55c91,0,0,0,0,0,0,0,0,0,0,0,,,0,1,0,3.31,0,0
675498d06ccfc038b9f55c93,0,0,0,0,0,0,0,0,0,0,0,,,0,1,0,3.361,0,0
675498d56ccfc038b9f55c95,0,0,0,0,0,0,0,0,0,0,0,,,0,2,0,2.92,0,0
675498d76ccfc038b9f55c97,0,0,0,0,0,0,0,0,0,0,0,,,0,1,0,3.326,0,0
675498df6ccfc038b9f55c99,0,0,0,0,0,0,0,0,0,0,0,,,0,1,0,3.342,0,0
675498e66ccfc038b9f55c9b,0,0,0,0,0,0,0,0,0,0,0,,,0,1,0,2.935,0,0
675498e66ccfc038b9f55c9d,0,0,0,0,0,0,0,0,0,0,0,,,0,0,0,3.3,0,0
675498ee6ccfc038b9f55c9f,0,0,0,0,0,0,0,0,0,0,0,,,0,2,0,3.358,0,0
675498f66ccfc038b9f55ca1,0,0,0,0,0,0,0,0,0,0,0,,,0,1,0,3.31,0,0
675498f66ccfc038b9f55ca3,0,0,0,0,0,0,0,0,0,0,0,,,0,2,0,2.907,0,0
675498fd6ccfc038b9f55ca5,0,0,0,0,0,0,0,0,0,0,0,,,0,2,0,3.355,0,0
675499046ccfc038b9f55ca7,0,0,0,0,0,0,0,0,0,0,0,,,0,2,0,3.348,0,0
675499076ccfc038b9f55ca9,0,0,0,0,0,0,0,0,0,0,0,,,0,3,0,2.96,0,0
6754990c6ccfc038b9f55cab,0,0,0,0,0,0,0,0,0,0,0,,,0,1,0,3.309,0,0
675499136ccfc038b9f55cad,0,0,0,0,0,0,0,0,0,0,0,,,0,1,0,3.321,0,0
675499186ccfc038b9f55caf,0,0,0,0,0,0,0,0,0,0,0,,,0,1,0,2.922,0,0
6754991b6ccfc038b9f55cb1,0,0,0,0,0,0,0,0,0,0,0,,,0,4,0,3.378,0,0
675499226ccfc038b9f55cb3,0,0,0,0,0,0,0,0,0,0,0,,,0,4,0,3.388,0,0
675499286ccfc038b9f55cb5,0,0,0,0,0,0,0,0,0,0,0,,,0,1,0,2.915,0,0
6754992a6ccfc038b9f55cb7,0,0,0,0,0,0,0,0,0,0,0,,,0,1,0,3.318,0,0
675499316ccfc038b9f55cb9,0,0,0,0,0,0,0,0,0,0,0,,,0,1,0,3.366,0,0
675499396ccfc038b9f55cbb,0,0,0,0,0,0,0,0,0,0,0,,,0,2,0,3.32,0,0
675499396ccfc038b9f55cbd,0,0,0,0,0,0,0,0,0,0,0,,,0,0,0,2.902,0,0
675499406ccfc038b9f55cbf,0,0,0,0,0,0,0,0,0,0,0,,,0,3,0,3.366,0,0
675499486ccfc038b9f55cc1,0,0,0,0,0,0,0,0,0,0,0,,,0,1,0,3.291,0,0
6754994a6ccfc038b9f55cc3,0,0,0,0,0,0,0,0,0,0,0,,,0,2,0,2.944,0,0
675499506ccfc038b9f55cc5,0,0,0,0,0,0,0,0,0,0,0,,,0,0,0,3.27,0,0
675499576ccfc038b9f55cc7,0,0,0,0,0,0,0,0,0,0,0,,,0,1,0,3.356,0,0
6754995b6ccfc038b9f55cc9,0,0,0,0,0,0,0,0,0,0,0,,,0,1,0,2.861,0,0
6754995f6ccfc038b9f55ccb,0,0,0,0,0,0,0,0,0,0,0,,,0,3,0,3.29,0,0
675499666ccfc038b9f55ccd,0,0,0,0,0,0,0,0,0,0,0,,,0,0,0,3.308,0,0
6754996c6ccfc038b9f55ccf,0,0,0,0,0,0,0,0,0,0,0,,,0,2,0,2.944,0,0
6754996e6ccfc038b9f55cd1,0,0,0,0,0,0,0,0,0,0,0,,,0,0,0,3.278,0,0
675499756ccfc038b9f55cd3,0,0,0,0,0,0,0,0,0,0,0,,,0,1,0,3.307,0,0
6754997b6ccfc038b9f55cd5,0,0,0,0,0,0,0,0,0,0,0,,,0,3,0,2.897,0,0
6754997d6ccfc038b9f55cd7,0,0,0,0,0,0,0,0,0,0,0,,,0,2,0,3.317,0,0
675499846ccfc038b9f55cd9,0,0,0,0,0,0,0,0,0,0,0,,,0,0,0,3.269,0,0
6754998b6ccfc038b9f55cdb,0,0,0,0,0,0,0,0,0,0,0,,,0,0,0,3.305,0,0
6754998c6ccfc038b9f55cdd,0,0,0,0,0,0,0,0,0,0,0,,,0,0,0,2.886,0,0
675499936ccfc038b9f55cdf,0,0,0,0,0,0,0,0,0,0,0,,,0,2,0,3.325,0,0
6754999a6ccfc038b9f55ce1,0,0,0,0,0,0,0,0,0,0,0,,,0,2,0,3.225,0,0
6754999d6ccfc038b9f55ce3,0,0,0,0,0,0,0,0,0,0,0,,,0,3,0,2.84,0,0
675499a26ccfc038b9f55ce5,0,0,0,0,0,0,0,0,0,0,0,,,0,0,0,3.272,0,0
675499a96ccfc038b9f55ce7,0,0,0,0,0,0,0,0,0,0,0,,,0,1,0,3.288,0,0
675499b16ccfc038b9f55ce9,0,0,0,0,0,0,0,0,0,0,0,,,0,1,0,3.294,0,0
675499b86ccfc038b9f55ceb,0,0,0,0,0,0,0,0,0,0,0,,,0,0,0,3.285,0,0
675499c06ccfc038b9f55ced,0,0,0,0,0,0,0,0,0,0,0,,,0,2,0,3.286,0,0
675499c76ccfc038b9f55cef,0,0,0,0,0,0,0,0,0,0,0,,,0,1,0,3.335,0,0
67549a276ccfc038b9f55cf1,0,0,0,0,0,0,0,0,0,0,0,,,0,1,0,2.813,0,0
67549a376ccfc038b9f55cf3,0,0,0,0,0,0,0,0,0,0,0,,,0,3,0,2.868,0,0
67549a596ccfc038b9f55cf5,0,0,0,0,0,0,0,0,0,0,0,,,0,1,0,3.267,0,0
67549a606ccfc038b9f55cf7,0,0,0,0,0,0,0,0,0,0,0,,,0,1,0,3.266,0,0
67549a636ccfc038b9f55cf9,0,0,0,0,0,0,0,0,0,0,0,,,0,3,0,2.85,0,0
67549a666ccfc038b9f55cfb,0,0,0,0,0,0,0,0,0,0,0,,,0,2,0,3.29,0,0
67549a6c6ccfc038b9f55cfd,0,0,0,0,0,0,0,0,0,0,0,,,0,1,0,3.302,0,0
67549a726ccfc038b9f55cff,0,0,0,0,0,0,0,0,0,0,0,,,0,3,0,3.331,0,0
67549a786ccfc038b9f55d01,0,0,0,0,0,0,0,0,0,0,0,,,0,0,0,3.271,0,0
67549a7e6ccfc038b9f55d03,0,0,0,0,0,0,0,0,0,0,0,,,0,0,0,3.252,0,0
67549a856ccfc038b9f55d05,0,0,0,0,0,0,0,0,0,0,0,,,0,2,0,3.301,0,0
67549a8b6ccfc038b9f55d07,0,0,0,0,0,0,0,0,0,0,0,,,0,1,0,3.284,0,0
67549a916ccfc038b9f55d09,0,0,0,0,0,0,0,0,0,0,0,,,0,0,0,3.291,0,0
67549a976ccfc038b9f55d0b,0,0,0,0,0,0,0,0,0,0,0,,,0,0,0,3.264,0,0
67549a9e6ccfc038b9f55d0d,0,0,0,0,0,0,0,0,0,0,0,,,0,0,0,3.264,0,0
67549aa46ccfc038b9f55d0f,0,0,0,0,0,0,0,0,0,0,0,,,0,2,0,3.315,0,0
67549aaa6ccfc038b9f55d11,0,0,0,0,0,0,0,0,0,0,0,,,0,1,0,3.263,0,0
67549ab06ccfc038b9f55d13,0,0,0,0,0,0,0,0,0,0,0,,,0,2,0,3.296,0,0
67549ab66ccfc038b9f55d15,0,0,0,0,0,0,0,0,0,0,0,,,0,3,0,3.346,0,0
67549abd6ccfc038b9f55d17,0,0,0,0,0,0,0,0,0,0,0,,,0,1,0,3.268,0,0
67549ac36ccfc038b9f55d19,0,0,0,0,0,0,0,0,0,0,0,,,0,1,0,3.274,0,0
67549ac96ccfc038b9f55d1b,0,0,0,0,0,0,0,0,0,0,0,,,0,1,0,3.303,0,0
67549acf6ccfc038b9f55d1d,0,0,0,0,0,0,0,0,0,0,0,,,0,1,0,3.277,0,0
67549ad66ccfc038b9f55d1f,0,0,0,0,0,0,0,0,0,0,0,,,0,2,0,3.261,0,0
67549adc6ccfc038b9f55d21,0,0,0,0,0,0,0,0,0,0,0,,,0,1,0,3.266,0,0
67549ae26ccfc038b9f55d23,0,0,0,0,0,0,0,0,0,0,0,,,0,0,0,3.245,0,0
67549ae86ccfc038b9f55d25,0,0,0,0,0,0,0,0,0,0,0,,,0,5,0,3.314,0,0
67549aee6ccfc038b9f55d27,0,0,0,0,0,0,0,0,0,0,0,,,0,2,0,3.297,0,0
67549af56ccfc038b9f55d29,0,0,0,0,0,0,0,0,0,0,0,,,0,2,0,3.304,0,0
67549afb6ccfc038b9f55d2b,0,0,0,0,0,0,0,0,0,0,0,,,0,1,0,3.252,0,0
67549b016ccfc038b9f55d2d,0,0,0,0,0,0,0,0,0,0,0,,,0,0,0,3.273,0,0
67549b076ccfc038b9f55d2f,0,0,0,0,0,0,0,0,0,0,0,,,0,2,0,3.287,0,0
67549b0e6ccfc038b9f55d31,0,0,0,0,0,0,0,0,0,0,0,,,0,1,0,3.276,0,0
67549b146ccfc038b9f55d33,0,0,0,0,0,0,0,0,0,0,0,,,0,3,0,3.314,0,0
67549c7d6ccfc038b9f55d35,0,0,0,0,0,0,0,0,0,0,0,,,0,2,0,2.853,0,0
67549c936ccfc038b9f55d37,0,0,0,0,0,0,0,0,0,0,0,,,0,1,0,2.373,0,0
67549cc86ccfc038b9f55d39,0,0,0,0,0,0,0,0,0,0,0,,,0,1,0,2.3,0,0
67549cea6ccfc038b9f55d3b,0,0,0,0,0,0,0,0,0,0,0,,,0,3,0,2.336,0,0
67549d186ccfc038b9f55d3d,0,0,0,0,0,0,0,0,0,0,0,,,0,3,0,2.381,0,0
67549d246ccfc038b9f55d3f,0,0,0,0,0,0,0,0,0,0,0,,,0,1,0,2.319,0,0
67549d2f6ccfc038b9f55d41,0,0,0,0,0,0,0,0,0,0,0,,,0,4,0,2.334,0,0
67549d896ccfc038b9f55d43,0,0,0,0,0,0,0,0,0,0,0,,,0,3,0,2.377,0,0
67549db96ccfc038b9f55d45,0,0,0,0,0,0,0,0,0,0,0,18.3125,0.1825,0,0,0,13.728,0,0
67549dcb6ccfc038b9f55d47,0,0,0,0,0,0,0,0,0,0,0,14.258333333333333,0.16649999999999998,0.001,1,0,13.734,0,0
67549ddc6ccfc038b9f55d49,0,0,0,0,0,0,0,0,0,0,0,15.7,0.1535,0,0,0,13.682,0,0
67549ded6ccfc038b9f55d4b,0,0,0,0,0,0,0,0,0,0,0,14.482142857142858,0.16849999999999998,0.001,2,0,13.757,0,0
67549dfe6ccfc038b9f55d4d,0,0,0,0,0,0,0,0,0,0,0,11.8125,0.16999999999999998,0.001,4,0,13.719,0,0
67549e0f6ccfc038b9f55d4f,0,0,0,0,0,0,0,0,0,0,0,14.895833333333332,0.16749999999999998,0,1,0,13.774,0,0
67549e216ccfc038b9f55d51,0,0,0,0,0,0,0,0,0,0,0,15.583333333333334,0.1885,0,1,0,13.756,0,0
67549e336ccfc038b9f55d53,0,0,0,0,0,0,0,0,0,0,0,13.221428571428572,0.1625,0,0,0,13.735,0,0
67549e436ccfc038b9f55d55,0,0,0,0,0,0,0,0,0,0,0,12.833333333333332,0.1395,0,1,0,13.653,0,0
67549e556ccfc038b9f55d57,0,0,0,0,0,0,0,0,0,0,0,15.683333333333334,0.1795,0,0,0,13.729,0,0
67549e666ccfc038b9f55d59,0,0,0,0,0,0,0,0,0,0,0,16.7375,0.1555,0.001,0,0,13.653,0,0
67549e776ccfc038b9f55d5b,0,0,0,0,0,0,0,0,0,0,0,11.0625,0.1555,0,3,0,13.689,0,0
67549e886ccfc038b9f55d5d,0,0,0,0,0,0,0,0,0,0,0,13.5,0.14800000000000002,0,0,0,13.636,0,0
67549e9a6ccfc038b9f55d5f,0,0,0,0,0,0,0,0,0,0,0,12.583333333333332,0.1585,0.001,1,0,13.676,0,0
67549e9e6ccfc038b9f55d61,0,0,0,0,0,0,0,0,0,0,0,2.55,0.0235,0,0,0,3.278,0,0
67549eab6ccfc038b9f55d63,0,0,0,0,0,0,0,0,0,0,0,10.6375,0.1525,0,3,0,13.681,0,0
67549ebc6ccfc038b9f55d65,0,0,0,0,0,0,0,0,0,0,0,12.458333333333332,0.148,0,1,0,13.652,0,0
67549ecd6ccfc038b9f55d67,0,0,0,0,0,0,0,0,0,0,0,14,0.1815,0,1,0,13.736,0,0
67549edf6ccfc038b9f55d69,0,0,0,0,0,0,0,0,0,0,0,15.325,0.14900000000000002,0.001,0,0,13.649,0,0
67549eec6ccfc038b9f55d6b,0,0,0,0,0,0,0,0,0,0,0,3.2333333333333334,0.0305,0.001,0,0,3.313,0,0
67549ef06ccfc038b9f55d6d,0,0,0,0,0,0,0,0,0,0,0,13.729166666666668,0.14550000000000002,0,1,0,13.654,0,0
67549f016ccfc038b9f55d6f,0,0,0,0,0,0,0,0,0,0,0,10.523809523809524,0.1455,0.001,2,0,13.656,0,0
67549f046ccfc038b9f55d71,0,0,0,0,0,0,0,0,0,0,0,2.8833333333333337,0.0285,0,0,0,3.283,0,0
67549f126ccfc038b9f55d73,0,0,0,0,0,0,0,0,0,0,0,15.479166666666668,0.166,0,1,0,13.726,0,0
67549f136ccfc038b9f55d75,0,0,0,0,0,0,0,0,0,0,0,3.283333333333333,0.031,0,0,0,3.317,0,0
67549f246ccfc038b9f55d77,0,0,0,0,0,0,0,0,0,0,0,11.85,0.1525,0.001,2,0,13.668,0,0
67549f356ccfc038b9f55d79,0,0,0,0,0,0,0,0,0,0,0,14.883333333333333,0.173,0,0,0,13.744,0,0
67549f466ccfc038b9f55d7b,0,0,0,0,0,0,0,0,0,0,0,13.408333333333333,0.17,0,1,0,13.718,0,0
67549f576ccfc038b9f55d7d,0,0,0,0,0,0,0,0,0,0,0,15.6,0.261,0,2,0,5.396,0,0
67549f586ccfc038b9f55d7f,0,0,0,0,0,0,0,0,0,0,0,13.233333333333334,0.1595,0,1,0,13.69,0,0
67549f696ccfc038b9f55d81,0,0,0,0,0,0,0,0,0,0,0,12.541666666666668,0.14500000000000002,0,1,0,13.633,0,0
67549f6b6ccfc038b9f55d83,0,0,0,0,0,0,0,0,0,0,0,3.65,0.035500000000000004,0,0,0,3.314,0,0
67549f7b6ccfc038b9f55d85,0,0,0,0,0,0,0,0,0,0,0,13.8,0.1645,0,1,0,13.707,0,0
67549f8c6ccfc038b9f55d87,0,0,0,0,0,0,0,0,0,0,0,14.357142857142858,0.1685,0,2,0,13.681,0,0
67549f956ccfc038b9f55d89,0,0,0,0,0,0,0,0,0,0,0,16.384615384615383,0.235,0,1,0,5.392,0,0
67549f9f6ccfc038b9f55d8b,0,0,0,0,0,0,0,0,0,0,0,15.575,0.156,0,0,0,13.719,0,0
67549fa86ccfc038b9f55d8d,0,0,0,0,0,0,0,0,0,0,0,3.45,0.033,0,0,0,3.324,0,0
67549faf6ccfc038b9f55d8f,0,0,0,0,0,0,0,0,0,0,0,9.041666666666668,0.153,0,4,0,13.611,0,0
67549fb16ccfc038b9f55d91,0,0,0,0,0,0,0,0,0,0,0,14.647058823529411,0.263,0,3,0,5.438,0,0
67549fc06ccfc038b9f55d93,0,0,0,0,0,0,0,0,0,0,0,12.958333333333332,0.16849999999999998,0,1,0,13.741,0,0
67549fc76ccfc038b9f55d95,0,0,0,0,0,0,0,0,0,0,0,14.066666666666666,0.237,0,3,0,5.452,0,0
67549fce6ccfc038b9f55d97,0,0,0,0,0,0,0,0,0,0,0,16.133333333333333,0.256,0,2,0,5.455,0,0
67549fd26ccfc038b9f55d99,0,0,0,0,0,0,0,0,0,0,0,15.725,0.1535,0.001,0,0,13.655,0,0
67549fe36ccfc038b9f55d9b,0,0,0,0,0,0,0,0,0,0,0,15.708333333333334,0.171,0,1,0,13.705,0,0
67549fe46ccfc038b9f55d9d,0,0,0,0,0,0,0,0,0,0,0,13.470588235294118,0.253,0,4,0,5.463,0,0
67549ff56ccfc038b9f55d9f,0,0,0,0,0,0,0,0,0,0,0,19.5,0.201,0.001,0,0,13.784,0,0
6754a0066ccfc038b9f55da1,0,0,0,0,0,0,0,0,0,0,0,11.783333333333333,0.1375,0,1,0,13.636,0,0
6754a0186ccfc038b9f55da3,0,0,0,0,0,0,0,0,0,0,0,20.8125,0.2535,0,3,0,13.912,0,0
6754a01d6ccfc038b9f55da5,0,0,0,0,0,0,0,0,0,0,0,15.466666666666667,0.261,0,2,0,5.481,0,0
6754a0266ccfc038b9f55da7,0,0,0,0,0,0,0,0,0,0,0,12.117647058823529,0.232,0,4,0,5.37,0,0
6754a0296ccfc038b9f55da9,0,0,0,0,0,0,0,0,0,0,0,12.8125,0.1405,0,1,0,13.633,0,0
6754a02f6ccfc038b9f55dab,0,0,0,0,0,0,0,0,0,0,0,3.3666666666666663,0.0315,0.001,0,0,3.299,0,0
6754a0346ccfc038b9f55dad,0,0,0,0,0,0,0,0,0,0,0,3.65,0.035500000000000004,0,0,0,3.298,0,0
6754a03b6ccfc038b9f55daf,0,0,0,0,0,0,0,0,0,0,0,15.666666666666668,0.1595,0,1,0,13.684,0,0
6754a03b6ccfc038b9f55db1,0,0,0,0,0,0,0,0,0,0,0,13.176470588235293,0.248,0,2,0,5.4,0,0
6754a03e6ccfc038b9f55db3,0,0,0,0,0,0,0,0,0,0,0,5.9,0.054,0,0,0,3.333,0,0
6754a04d6ccfc038b9f55db5,0,0,0,0,0,0,0,0,0,0,0,14.291666666666668,0.16849999999999998,0,0,0,13.718,0,0
6754a0586ccfc038b9f55db7,0,0,0,0,0,0,0,0,0,0,0,13.294117647058824,0.264,0,4,0,5.368,0,0
6754a05e6ccfc038b9f55db9,0,0,0,0,0,0,0,0,0,0,0,14.95,0.158,0,0,0,13.673,0,0
6754a05f6ccfc038b9f55dbb,0,0,0,0,0,0,0,0,0,0,0,13.588235294117647,0.255,0,4,0,5.459,0,0
6754a06d6ccfc038b9f55dbd,0,0,0,0,0,0,0,0,0,0,0,15.615384615384615,0.23,0,2,0,5.431,0,0
6754a06e6ccfc038b9f55dbf,0,0,0,0,0,0,0,0,0,0,0,12.294117647058824,0.233,0,3,0,5.363,0,0
6754a0756ccfc038b9f55dc1,0,0,0,0,0,0,0,0,0,0,0,14.176470588235293,0.268,0,2,0,5.392,0,0
6754a0856ccfc038b9f55dc3,0,0,0,0,0,0,0,0,0,0,0,19.05,0.20800000000000002,0.001,0,0,13.815,0,0
6754a0886ccfc038b9f55dc5,0,0,0,0,0,0,0,0,0,0,0,3,0.027999999999999997,0.001,0,0,3.287,0,0
6754a08e6ccfc038b9f55dc7,0,0,0,0,0,0,0,0,0,0,0,18.666666666666668,0.315,0,2,0,5.43,0,0
6754a0906ccfc038b9f55dc9,0,0,0,0,0,0,0,0,0,0,0,3.9333333333333336,0.0375,0,0,0,3.331,0,0
6754a0926ccfc038b9f55dcb,0,0,0,0,0,0,0,0,0,0,0,15.333333333333334,0.262,0,3,0,5.469,0,0
6754a0976ccfc038b9f55dcd,0,0,0,0,0,0,0,0,0,0,0,14.933333333333334,0.26,0,2,0,5.38,0,0
6754a0986ccfc038b9f55dcf,0,0,0,0,0,0,0,0,0,0,0,3.3666666666666663,0.0325,0.001,0,0,3.298,0,0
6754a0996ccfc038b9f55dd1,0,0,0,0,0,0,0,0,0,0,0,16.9375,0.1605,0,0,0,13.742,0,0
6754a09b6ccfc038b9f55dd3,0,0,0,0,0,0,0,0,0,0,0,14.466666666666667,0.243,0,2,0,5.398,0,0
6754a0a06ccfc038b9f55dd5,0,0,0,0,0,0,0,0,0,0,0,3.1666666666666665,0.028999999999999998,0,0,0,3.294,0,0
6754a0a16ccfc038b9f55dd7,0,0,0,0,0,0,0,0,0,0,0,15.333333333333334,0.258,0,1,0,5.366,0,0
6754a0a46ccfc038b9f55dd9,0,0,0,0,0,0,0,0,0,0,0,14,0.263,0,2,0,5.448,0,0
6754a0a86ccfc038b9f55ddb,0,0,0,0,0,0,0,0,0,0,0,4.516666666666667,0.04,0.001,0,0,3.325,0,0
6754a0aa6ccfc038b9f55ddd,0,0,0,0,0,0,0,0,0,0,0,15.411764705882353,0.279,0,2,0,5.391,0,0
6754a0ad6ccfc038b9f55ddf,0,0,0,0,0,0,0,0,0,0,0,17.533333333333335,0.294,0,6,0,5.523,0,0
6754a0ad6ccfc038b9f55de1,0,0,0,0,0,0,0,0,0,0,0,12.964285714285715,0.16499999999999998,0.001,2,0,13.69,0,0
6754a0b06ccfc038b9f55de3,0,0,0,0,0,0,0,0,0,0,0,2.966666666666667,0.0295,0,0,0,3.294,0,0
6754a0b36ccfc038b9f55de5,0,0,0,0,0,0,0,0,0,0,0,12.736842105263158,0.266,0,4,0,5.372,0,0
6754a0b66ccfc038b9f55de7,0,0,0,0,0,0,0,0,0,0,0,11.470588235294118,0.217,0,3,0,5.419,0,0
6754a0b86ccfc038b9f55de9,0,0,0,0,0,0,0,0,0,0,0,3.4833333333333334,0.034,0,0,0,3.3,0,0
6754a0bc6ccfc038b9f55deb,0,0,0,0,0,0,0,0,0,0,0,13.470588235294118,0.265,0,2,0,5.383,0,0
6754a0bf6ccfc038b9f55ded,0,0,0,0,0,0,0,0,0,0,0,14.352941176470589,0.274,0,5,0,5.508,0,0
6754a0c06ccfc038b9f55def,0,0,0,0,0,0,0,0,0,0,0,3.1833333333333336,0.0305,0,0,0,3.304,0,0
6754a0c26ccfc038b9f55df1,0,0,0,0,0,0,0,0,0,0,0,12.17142857142857,0.1525,0.001,2,0,13.693,0,0
6754a0c56ccfc038b9f55df3,0,0,0,0,0,0,0,0,0,0,0,13.066666666666666,0.225,0,1,0,5.333,0,0
6754a0c86ccfc038b9f55df5,0,0,0,0,0,0,0,0,0,0,0,6.15,0.0565,0,0,0,3.341,0,0
6754a0c86ccfc038b9f55df7,0,0,0,0,0,0,0,0,0,0,0,15.8,0.26,0,1,0,5.44,0,0
6754a0cd6ccfc038b9f55df9,0,0,0,0,0,0,0,0,0,0,0,15.538461538461538,0.234,0,0,0,5.381,0,0
6754a0d06ccfc038b9f55dfb,0,0,0,0,0,0,0,0,0,0,0,2.8666666666666663,0.027000000000000003,0,0,0,3.299,0,0
6754a0d16ccfc038b9f55dfd,0,0,0,0,0,0,0,0,0,0,0,14.117647058823529,0.27,0,3,0,5.486,0,0
6754a0d66ccfc038b9f55dff,0,0,0,0,0,0,0,0,0,0,0,16.933333333333334,0.299,0,2,0,5.418,0,0
6754a0d66ccfc038b9f55e01,0,0,0,0,0,0,0,0,0,0,0,14.25,0.1525,0,1,0,13.678,0,0
6754a0d86ccfc038b9f55e03,0,0,0,0,0,0,0,0,0,0,0,3.7333333333333334,0.035500000000000004,0,0,0,3.304,0,0
6754a0db6ccfc038b9f55e05,0,0,0,0,0,0,0,0,0,0,0,15.692307692307692,0.233,0,2,0,5.399,0,0
6754a0df6ccfc038b9f55e07,0,0,0,0,0,0,0,0,0,0,0,19,0.312,0,1,0,5.47,0,0
6754a0e06ccfc038b9f55e09,0,0,0,0,0,0,0,0,0,0,0,3.4,0.0325,0,0,0,3.299,0,0
6754a0e36ccfc038b9f55e0b,0,0,0,0,0,0,0,0,0,0,0,12.933333333333334,0.214,0,1,0,5.417,0,0
6754a0e86ccfc038b9f55e0d,0,0,0,0,0,0,0,0,0,0,0,3.0166666666666666,0.0295,0,0,0,3.3,0,0
6754a0e96ccfc038b9f55e0f,0,0,0,0,0,0,0,0,0,0,0,15.4,0.26,0,2,0,5.414,0,0
6754a0eb6ccfc038b9f55e11,0,0,0,0,0,0,0,0,0,0,0,10.678571428571429,0.16349999999999998,0,2,0,13.669,0,0
6754a0ed6ccfc038b9f55e13,0,0,0,0,0,0,0,0,0,0,0,13.8,0.228,0,2,0,5.448,0,0
6754a0f06ccfc038b9f55e15,0,0,0,0,0,0,0,0,0,0,0,5.1,0.0445,0,0,0,3.328,0,0
6754a0f26ccfc038b9f55e17,0,0,0,0,0,0,0,0,0,0,0,13.666666666666666,0.225,0,1,0,5.306,0,0
6754a0f56ccfc038b9f55e19,0,0,0,0,0,0,0,0,0,0,0,12.882352941176471,0.236,0,2,0,5.418,0,0
6754a0f86ccfc038b9f55e1b,0,0,0,0,0,0,0,0,0,0,0,3.1166666666666663,0.031,0,0,0,3.319,0,0
6754a0fb6ccfc038b9f55e1d,0,0,0,0,0,0,0,0,0,0,0,12.235294117647058,0.239,0,2,0,5.356,0,0
6754a0fe6ccfc038b9f55e1f,0,0,0,0,0,0,0,0,0,0,0,14.117647058823529,0.27,0,3,0,5.457,0,0
6754a1006ccfc038b9f55e21,0,0,0,0,0,0,0,0,0,0,0,11.625,0.159,0,3,0,13.701,0,0
6754a1006ccfc038b9f55e23,0,0,0,0,0,0,0,0,0,0,0,3.5,0.0335,0,0,0,3.336,0,0
6754a1046ccfc038b9f55e25,0,0,0,0,0,0,0,0,0,0,0,11.894736842105264,0.261,0,4,0,5.382,0,0
6754a1086ccfc038b9f55e27,0,0,0,0,0,0,0,0,0,0,0,15.117647058823529,0.285,0,2,0,5.472,0,0
6754a1086ccfc038b9f55e29,0,0,0,0,0,0,0,0,0,0,0,3.8333333333333335,0.0385,0,0,0,3.302,0,0
6754a10c6ccfc038b9f55e2b,0,0,0,0,0,0,0,0,0,0,0,12.733333333333333,0.218,0,1,0,5.332,0,0
6754a1106ccfc038b9f55e2d,0,0,0,0,0,0,0,0,0,0,0,3.05,0.028499999999999998,0,0,0,3.287,0,0
6754a1116ccfc038b9f55e2f,0,0,0,0,0,0,0,0,0,0,0,13.470588235294118,0.267,0,6,0,5.467,0,0
6754a1146ccfc038b9f55e31,0,0,0,0,0,0,0,0,0,0,0,14.080357142857142,0.166,0,2,0,13.711,0,0
6754a1166ccfc038b9f55e33,0,0,0,0,0,0,0,0,0,0,0,13.529411764705882,0.256,0,2,0,5.364,0,0
6754a1186ccfc038b9f55e35,0,0,0,0,0,0,0,0,0,0,0,3.3333333333333335,0.0325,0,0,0,3.294,0,0
6754a11a6ccfc038b9f55e37,0,0,0,0,0,0,0,0,0,0,0,14.866666666666667,0.245,0,1,0,5.412,0,0
6754a11e6ccfc038b9f55e39,0,0,0,0,0,0,0,0,0,0,0,13.842105263157896,0.281,0,3,0,5.419,0,0
6754a1206ccfc038b9f55e3b,0,0,0,0,0,0,0,0,0,0,0,3.6333333333333337,0.036000000000000004,0,0,0,3.317,0,0
6754a1236ccfc038b9f55e3d,0,0,0,0,0,0,0,0,0,0,0,15.23076923076923,0.22,0,1,0,5.431,0,0
6754a1286ccfc038b9f55e3f,0,0,0,0,0,0,0,0,0,0,0,17.846153846153847,0.258,0,0,0,5.351,0,0
6754a1286ccfc038b9f55e41,0,0,0,0,0,0,0,0,0,0,0,3.3166666666666664,0.0325,0,0,0,3.3,0,0
6754a1286ccfc038b9f55e43,0,0,0,0,0,0,0,0,0,0,0,13.241071428571429,0.1495,0,2,0,13.645,0,0
6754a12c6ccfc038b9f55e45,0,0,0,0,0,0,0,0,0,0,0,14.666666666666666,0.248,0,2,0,5.438,0,0
6754a1306ccfc038b9f55e47,0,0,0,0,0,0,0,0,0,0,0,3.1166666666666663,0.028999999999999998,0,0,0,3.28,0,0
6754a1306ccfc038b9f55e49,0,0,0,0,0,0,0,0,0,0,0,14.588235294117647,0.287,0,3,0,5.419,0,0
6754a1356ccfc038b9f55e4b,0,0,0,0,0,0,0,0,0,0,0,14.933333333333334,0.26,0,2,0,5.468,0,0
6754a1386ccfc038b9f55e4d,0,0,0,0,0,0,0,0,0,0,0,3.55,0.0335,0,0,0,3.302,0,0
6754a1396ccfc038b9f55e4f,0,0,0,0,0,0,0,0,0,0,0,8.904761904761905,0.218,0,4,0,5.319,0,0
6754a13c6ccfc038b9f55e51,0,0,0,0,0,0,0,0,0,0,0,18.225,0.181,0,0,0,13.776,0,0
6754a13e6ccfc038b9f55e53,0,0,0,0,0,0,0,0,0,0,0,17.53846153846154,0.245,0,0,0,5.453,0,0
6754a1406ccfc038b9f55e55,0,0,0,0,0,0,0,0,0,0,0,3.3166666666666664,0.032,0.001,0,0,3.297,0,0
6754a1426ccfc038b9f55e57,0,0,0,0,0,0,0,0,0,0,0,15,0.291,0,2,0,5.441,0,0
6754a1476ccfc038b9f55e59,0,0,0,0,0,0,0,0,0,0,0,12.052631578947368,0.251,0,3,0,5.415,0,0
6754a1476ccfc038b9f55e5b,0,0,0,0,0,0,0,0,0,0,0,3.283333333333333,0.0305,0.001,0,0,3.296,0,0
6754a14b6ccfc038b9f55e5d,0,0,0,0,0,0,0,0,0,0,0,12.058823529411764,0.23,0,2,0,5.363,0,0
6754a14f6ccfc038b9f55e5f,0,0,0,0,0,0,0,0,0,0,0,3.033333333333333,0.028999999999999998,0,0,0,3.282,0,0
6754a1506ccfc038b9f55e61,0,0,0,0,0,0,0,0,0,0,0,13.6,0.231,0,1,0,5.428,0,0
6754a1516ccfc038b9f55e63,0,0,0,0,0,0,0,0,0,0,0,13.645833333333332,0.1515,0.001,1,0,13.695,0,0
6754a1556ccfc038b9f55e65,0,0,0,0,0,0,0,0,0,0,0,18.307692307692307,0.272,0,0,0,5.402,0,0
6754a1576ccfc038b9f55e67,0,0,0,0,0,0,0,0,0,0,0,6.016666666666667,0.0575,0.001,0,0,3.342,0,0
6754a1596ccfc038b9f55e69,0,0,0,0,0,0,0,0,0,0,0,14,0.288,0,3,0,5.493,0,0
6754a15e6ccfc038b9f55e6b,0,0,0,0,0,0,0,0,0,0,0,14.352941176470589,0.265,0,2,0,5.382,0,0
6754a15f6ccfc038b9f55e6d,0,0,0,0,0,0,0,0,0,0,0,3.1166666666666663,0.028999999999999998,0.001,0,0,3.277,0,0
6754a1626ccfc038b9f55e6f,0,0,0,0,0,0,0,0,0,0,0,11.588235294117647,0.218,0,4,0,5.412,0,0
6754a1656ccfc038b9f55e71,0,0,0,0,0,0,0,0,0,0,0,12.6,0.136,0.001,0,0,13.626,0,0
6754a1666ccfc038b9f55e73,0,0,0,0,0,0,0,0,0,0,0,14.133333333333333,0.238,0,1,0,5.353,0,0
6754a1676ccfc038b9f55e75,0,0,0,0,0,0,0,0,0,0,0,3.75,0.035500000000000004,0,0,0,3.312,0,0
6754a16b6ccfc038b9f55e77,0,0,0,0,0,0,0,0,0,0,0,13.882352941176471,0.246,0,2,0,5.426,0,0
6754a16f6ccfc038b9f55e79,0,0,0,0,0,0,0,0,0,0,0,14,0.244,0,1,0,5.377,0,0
6754a1706ccfc038b9f55e7b,0,0,0,0,0,0,0,0,0,0,0,3,0.027999999999999997,0,0,0,3.28,0,0
6754a1746ccfc038b9f55e7d,0,0,0,0,0,0,0,0,0,0,0,14.846153846153847,0.221,0,0,0,5.406,0,0
6754a1776ccfc038b9f55e7f,0,0,0,0,0,0,0,0,0,0,0,3.4333333333333336,0.032,0,0,0,3.292,0,0
6754a1786ccfc038b9f55e81,0,0,0,0,0,0,0,0,0,0,0,15.266666666666667,0.257,0,1,0,5.407,0,0
6754a1796ccfc038b9f55e83,0,0,0,0,0,0,0,0,0,0,0,11.25,0.148,0,1,0,13.652,0,0
6754a17d6ccfc038b9f55e85,0,0,0,0,0,0,0,0,0,0,0,10.347826086956522,0.264,0,6,0,5.453,0,0
6754a17f6ccfc038b9f55e87,0,0,0,0,0,0,0,0,0,0,0,3.9833333333333334,0.0375,0.001,0,0,3.295,0,0
6754a1826ccfc038b9f55e89,0,0,0,0,0,0,0,0,0,0,0,14.066666666666666,0.239,0,1,0,5.352,0,0
6754a1866ccfc038b9f55e8b,0,0,0,0,0,0,0,0,0,0,0,16.53846153846154,0.23,0,2,0,5.445,0,0
6754a1876ccfc038b9f55e8d,0,0,0,0,0,0,0,0,0,0,0,3.4166666666666665,0.034,0,0,0,3.315,0,0
6754a18a6ccfc038b9f55e8f,0,0,0,0,0,0,0,0,0,0,0,15.866666666666667,0.27,0,2,0,5.395,0,0
6754a18e6ccfc038b9f55e91,0,0,0,0,0,0,0,0,0,0,0,13.8125,0.14750000000000002,0,1,0,13.641,0,0
6754a18f6ccfc038b9f55e93,0,0,0,0,0,0,0,0,0,0,0,12.368421052631579,0.258,0,3,0,5.416,0,0
6754a18f6ccfc038b9f55e95,0,0,0,0,0,0,0,0,0,0,0,2.7,0.026500000000000003,0,0,0,3.28,0,0
6754a1936ccfc038b9f55e97,0,0,0,0,0,0,0,0,0,0,0,15.8,0.266,0,2,0,5.386,0,0
6754a1976ccfc038b9f55e99,0,0,0,0,0,0,0,0,0,0,0,3.1,0.028999999999999998,0,0,0,3.283,0,0
6754a1986ccfc038b9f55e9b,0,0,0,0,0,0,0,0,0,0,0,14.466666666666667,0.236,0,3,0,5.442,0,0
6754a19c6ccfc038b9f55e9d,0,0,0,0,0,0,0,0,0,0,0,15.4,0.257,0,1,0,5.379,0,0
6754a1a06ccfc038b9f55e9f,0,0,0,0,0,0,0,0,0,0,0,3.9,0.0365,0.001,0,0,3.298,0,0
6754a1a26ccfc038b9f55ea1,0,0,0,0,0,0,0,0,0,0,0,15.153846153846153,0.217,0,0,0,5.391,0,0
6754a1a26ccfc038b9f55ea3,0,0,0,0,0,0,0,0,0,0,0,12.25,0.179,0.001,3,0,13.686,0,0
6754a1a56ccfc038b9f55ea5,0,0,0,0,0,0,0,0,0,0,0,13.941176470588236,0.269,0,3,0,5.377,0,0
6754a1a86ccfc038b9f55ea7,0,0,0,0,0,0,0,0,0,0,0,3.5833333333333335,0.0345,0.001,0,0,3.303,0,0
6754a1ab6ccfc038b9f55ea9,0,0,0,0,0,0,0,0,0,0,0,16.2,0.269,0,2,0,5.487,0,0
6754a1ae6ccfc038b9f55eab,0,0,0,0,0,0,0,0,0,0,0,15.384615384615385,0.22,0,0,0,5.327,0,0
6754a1af6ccfc038b9f55ead,0,0,0,0,0,0,0,0,0,0,0,3.4166666666666665,0.0325,0.001,0,0,3.309,0,0
6754a1b46ccfc038b9f55eaf,0,0,0,0,0,0,0,0,0,0,0,12.578947368421053,0.266,0,5,0,5.457,0,0
6754a1b76ccfc038b9f55eb1,0,0,0,0,0,0,0,0,0,0,0,14.15,0.1555,0,0,0,13.672,0,0
6754a1b86ccfc038b9f55eb3,0,0,0,0,0,0,0,0,0,0,0,16.933333333333334,0.29,0,1,0,5.408,0,0
6754a1b86ccfc038b9f55eb5,0,0,0,0,0,0,0,0,0,0,0,4.133333333333334,0.041499999999999995,0,0,0,3.308,0,0
6754a1bd6ccfc038b9f55eb7,0,0,0,0,0,0,0,0,0,0,0,19,0.305,0,1,0,5.498,0,0
6754a1bf6ccfc038b9f55eb9,0,0,0,0,0,0,0,0,0,0,0,2.8166666666666664,0.026999999999999996,0,0,0,3.283,0,0
6754a1c06ccfc038b9f55ebb,0,0,0,0,0,0,0,0,0,0,0,13.368421052631579,0.298,0,4,0,5.452,0,0
6754a1c66ccfc038b9f55ebd,0,0,0,0,0,0,0,0,0,0,0,15.666666666666666,0.257,0,3,0,5.583,0,0
6754a1c86ccfc038b9f55ebf,0,0,0,0,0,0,0,0,0,0,0,3.6833333333333336,0.036000000000000004,0,0,0,3.341,0,0
6754a1ca6ccfc038b9f55ec1,0,0,0,0,0,0,0,0,0,0,0,15.933333333333334,0.27,0,1,0,5.403,0,0
6754a1cb6ccfc038b9f55ec3,0,0,0,0,0,0,0,0,0,0,0,18.3125,0.197,0,1,0,13.789,0,0
6754a1cf6ccfc038b9f55ec5,0,0,0,0,0,0,0,0,0,0,0,16.133333333333333,0.265,0,2,0,5.485,0,0
6754a1d06ccfc038b9f55ec7,0,0,0,0,0,0,0,0,0,0,0,3.3666666666666663,0.0335,0,0,0,3.33,0,0
6754a1d36ccfc038b9f55ec9,0,0,0,0,0,0,0,0,0,0,0,18.4,0.309,0,1,0,5.497,0,0
6754a1d86ccfc038b9f55ecb,0,0,0,0,0,0,0,0,0,0,0,3.0666666666666664,0.0285,0,0,0,3.309,0,0
6754a1d86ccfc038b9f55ecd,0,0,0,0,0,0,0,0,0,0,0,15.333333333333334,0.262,0,5,0,5.473,0,0
6754a1dc6ccfc038b9f55ecf,0,0,0,0,0,0,0,0,0,0,0,20.846153846153847,0.303,0,0,0,5.474,0,0
6754a1df6ccfc038b9f55ed1,0,0,0,0,0,0,0,0,0,0,0,4.233333333333333,0.037000000000000005,0.001,0,0,3.319,0,0
6754a1df6ccfc038b9f55ed3,0,0,0,0,0,0,0,0,0,0,0,15.5,0.147,0.001,0,0,13.667,0,0
6754a1e26ccfc038b9f55ed5,0,0,0,0,0,0,0,0,0,0,0,17.2,0.278,0,2,0,5.496,0,0
6754a1e56ccfc038b9f55ed7,0,0,0,0,0,0,0,0,0,0,0,18,0.316,0,2,0,5.448,0,0
6754a1e76ccfc038b9f55ed9,0,0,0,0,0,0,0,0,0,0,0,2.9,0.027000000000000003,0.001,0,0,3.289,0,0
6754a1eb6ccfc038b9f55edb,0,0,0,0,0,0,0,0,0,0,0,15.058823529411764,0.271,0,3,0,5.466,0,0
6754a1ee6ccfc038b9f55edd,0,0,0,0,0,0,0,0,0,0,0,12.842105263157896,0.27,0,4,0,5.428,0,0
6754a1f06ccfc038b9f55edf,0,0,0,0,0,0,0,0,0,0,0,3.5,0.0325,0,0,0,3.328,0,0
6754a1f46ccfc038b9f55ee1,0,0,0,0,0,0,0,0,0,0,0,14.066666666666666,0.235,0,3,0,5.414,0,0
6754a1f46ccfc038b9f55ee3,0,0,0,0,0,0,0,0,0,0,0,21.3,0.203,0,0,0,13.797,0,0
6754a1f76ccfc038b9f55ee5,0,0,0,0,0,0,0,0,0,0,0,15.705882352941176,0.284,0,2,0,5.414,0,0
6754a1f76ccfc038b9f55ee7,0,0,0,0,0,0,0,0,0,0,0,4.2,0.0385,0,0,0,3.301,0,0
6754a1fd6ccfc038b9f55ee9,0,0,0,0,0,0,0,0,0,0,0,16.692307692307693,0.255,0,0,0,5.478,0,0
6754a1ff6ccfc038b9f55eeb,0,0,0,0,0,0,0,0,0,0,0,2.966666666666667,0.028999999999999998,0,0,0,3.3,0,0
6754a2006ccfc038b9f55eed,0,0,0,0,0,0,0,0,0,0,0,19.076923076923077,0.281,0,1,0,5.418,0,0
6754a2066ccfc038b9f55eef,0,0,0,0,0,0,0,0,0,0,0,15.294117647058824,0.283,0,3,0,5.52,0,0
6754a2076ccfc038b9f55ef1,0,0,0,0,0,0,0,0,0,0,0,3.5,0.033,0.001,0,0,3.305,0,0
6754a2086ccfc038b9f55ef3,0,0,0,0,0,0,0,0,0,0,0,13.151785714285715,0.152,0.001,2,0,13.662,0,0
6754a2096ccfc038b9f55ef5,0,0,0,0,0,0,0,0,0,0,0,16.666666666666668,0.276,0,1,0,5.453,0,0
6754a20f6ccfc038b9f55ef7,0,0,0,0,0,0,0,0,0,0,0,18.2,0.297,0,1,0,5.493,0,0
6754a20f6ccfc038b9f55ef9,0,0,0,0,0,0,0,0,0,0,0,3.5,0.032,0,0,0,3.29,0,0
6754a2126ccfc038b9f55efb,0,0,0,0,0,0,0,0,0,0,0,19.533333333333335,0.34,0,2,0,5.499,0,0
6754a2176ccfc038b9f55efd,0,0,0,0,0,0,0,0,0,0,0,3.033333333333333,0.027999999999999997,0,0,0,3.278,0,0
6754a2186ccfc038b9f55eff,0,0,0,0,0,0,0,0,0,0,0,12.476190476190476,0.283,0,4,0,5.537,0,0
6754a21b6ccfc038b9f55f01,0,0,0,0,0,0,0,0,0,0,0,14.533333333333333,0.252,0,3,0,5.386,0,0
6754a21d6ccfc038b9f55f03,0,0,0,0,0,0,0,0,0,0,0,14.857142857142858,0.1925,0,2,0,13.756,0,0
6754a21f6ccfc038b9f55f05,0,0,0,0,0,0,0,0,0,0,0,3.35,0.032,0,0,0,3.31,0,0
6754a2216ccfc038b9f55f07,0,0,0,0,0,0,0,0,0,0,0,16.2,0.267,0,2,0,5.438,0,0
6754a2246ccfc038b9f55f09,0,0,0,0,0,0,0,0,0,0,0,14.157894736842104,0.294,0,3,0,5.429,0,0
6754a2276ccfc038b9f55f0b,0,0,0,0,0,0,0,0,0,0,0,3.533333333333333,0.031,0,0,0,3.287,0,0
6754a22a6ccfc038b9f55f0d,0,0,0,0,0,0,0,0,0,0,0,18.846153846153847,0.27,0,2,0,5.469,0,0
6754a22d6ccfc038b9f55f0f,0,0,0,0,0,0,0,0,0,0,0,14.352941176470589,0.278,0,3,0,5.417,0,0
6754a22f6ccfc038b9f55f11,0,0,0,0,0,0,0,0,0,0,0,3.4166666666666665,0.032,0,0,0,3.322,0,0
6754a2326ccfc038b9f55f13,0,0,0,0,0,0,0,0,0,0,0,16.366666666666667,0.1955,0,1,0,13.786,0,0
6754a2336ccfc038b9f55f15,0,0,0,0,0,0,0,0,0,0,0,12.421052631578947,0.252,0,4,0,5.443,0,0
6754a2366ccfc038b9f55f17,0,0,0,0,0,0,0,0,0,0,0,16.866666666666667,0.289,0,1,0,5.435,0,0
6754a2376ccfc038b9f55f19,0,0,0,0,0,0,0,0,0,0,0,5.083333333333334,0.045,0.001,0,0,3.318,0,0
6754a23e6ccfc038b9f55f1b,0,0,0,0,0,0,0,0,0,0,0,13.947368421052632,0.29,0,5,0,5.515,0,0
6754a23f6ccfc038b9f55f1d,0,0,0,0,0,0,0,0,0,0,0,3.15,0.0315,0,0,0,3.293,0,0
6754a23f6ccfc038b9f55f1f,0,0,0,0,0,0,0,0,0,0,0,17.8,0.301,0,2,0,5.468,0,0
6754a2466ccfc038b9f55f21,0,0,0,0,0,0,0,0,0,0,0,16,0.288,0,4,0,5.516,0,0
6754a2466ccfc038b9f55f23,0,0,0,0,0,0,0,0,0,0,0,16.669642857142858,0.195,0,2,0,13.753,0,0
6754a2476ccfc038b9f55f25,0,0,0,0,0,0,0,0,0,0,0,3.283333333333333,0.031,0.001,0,0,3.303,0,0
6754a2486ccfc038b9f55f27,0,0,0,0,0,0,0,0,0,0,0,14.210526315789474,0.302,0,4,0,5.478,0,0
6754a24f6ccfc038b9f55f29,0,0,0,0,0,0,0,0,0,0,0,16.533333333333335,0.277,0,3,0,5.504,0,0
6754a24f6ccfc038b9f55f2b,0,0,0,0,0,0,0,0,0,0,0,3.1833333333333336,0.0305,0,0,0,3.348,0,0
6754a2526ccfc038b9f55f2d,0,0,0,0,0,0,0,0,0,0,0,18.2,0.314,0,1,0,5.474,0,0
6754a2576ccfc038b9f55f2f,0,0,0,0,0,0,0,0,0,0,0,3.0166666666666666,0.0285,0,0,0,3.302,0,0
6754a2586ccfc038b9f55f31,0,0,0,0,0,0,0,0,0,0,0,17.066666666666666,0.28,0,3,0,5.517,0,0
6754a25a6ccfc038b9f55f33,0,0,0,0,0,0,0,0,0,0,0,14.4,0.1525,0,0,0,13.698,0,0
6754a25b6ccfc038b9f55f35,0,0,0,0,0,0,0,0,0,0,0,15.157894736842104,0.319,0,3,0,5.418,0,0
6754a25f6ccfc038b9f55f37,0,0,0,0,0,0,0,0,0,0,0,3,0.032,0,0,0,3.298,0,0
6754a2616ccfc038b9f55f39,0,0,0,0,0,0,0,0,0,0,0,16.76923076923077,0.244,0,0,0,5.446,0,0
6754a2646ccfc038b9f55f3b,0,0,0,0,0,0,0,0,0,0,0,14.6,0.241,0,1,0,5.371,0,0
6754a2686ccfc038b9f55f3d,0,0,0,0,0,0,0,0,0,0,0,3.3833333333333337,0.032,0,0,0,3.289,0,0
6754a26a6ccfc038b9f55f3f,0,0,0,0,0,0,0,0,0,0,0,16.615384615384617,0.243,0,0,0,5.456,0,0
6754a26d6ccfc038b9f55f41,0,0,0,0,0,0,0,0,0,0,0,13.578947368421053,0.29,0,4,0,5.433,0,0
6754a26f6ccfc038b9f55f43,0,0,0,0,0,0,0,0,0,0,0,13.391666666666666,0.164,0,1,0,13.726,0,0
6754a26f6ccfc038b9f55f45,0,0,0,0,0,0,0,0,0,0,0,3.75,0.036,0,0,0,3.312,0,0
6754a2736ccfc038b9f55f47,0,0,0,0,0,0,0,0,0,0,0,12.761904761904763,0.288,0,6,0,5.491,0,0
6754a2766ccfc038b9f55f49,0,0,0,0,0,0,0,0,0,0,0,15.133333333333333,0.258,0,1,0,5.383,0,0
6754a2776ccfc038b9f55f4b,0,0,0,0,0,0,0,0,0,0,0,5.016666666666667,0.0475,0,0,0,3.328,0,0
6754a27d6ccfc038b9f55f4d,0,0,0,0,0,0,0,0,0,0,0,13.2,0.225,0,2,0,5.444,0,0
6754a27f6ccfc038b9f55f4f,0,0,0,0,0,0,0,0,0,0,0,16.705882352941178,0.336,0,2,0,5.506,0,0
6754a27f6ccfc038b9f55f51,0,0,0,0,0,0,0,0,0,0,0,3.7666666666666666,0.0375,0,0,0,3.315,0,0
6754a2836ccfc038b9f55f53,0,0,0,0,0,0,0,0,0,0,0,13.735714285714286,0.1785,0,2,0,13.707,0,0
6754a2866ccfc038b9f55f55,0,0,0,0,0,0,0,0,0,0,0,14.736842105263158,0.301,0,3,0,5.5,0,0
6754a2876ccfc038b9f55f57,0,0,0,0,0,0,0,0,0,0,0,3.5833333333333335,0.034,0,0,0,3.331,0,0
6754a2886ccfc038b9f55f59,0,0,0,0,0,0,0,0,0,0,0,15.666666666666666,0.26,0,3,0,5.444,0,0
6754a28f6ccfc038b9f55f5b,0,0,0,0,0,0,0,0,0,0,0,3.55,0.034,0,0,0,3.325,0,0
6754a28f6ccfc038b9f55f5d,0,0,0,0,0,0,0,0,0,0,0,15.764705882352942,0.288,0,3,0,5.486,0,0
6754a2916ccfc038b9f55f5f,0,0,0,0,0,0,0,0,0,0,0,18.153846153846153,0.27,0,0,0,5.415,0,0
6754a2976ccfc038b9f55f61,0,0,0,0,0,0,0,0,0,0,0,3.4,0.0325,0,0,0,3.33,0,0
6754a2986ccfc038b9f55f63,0,0,0,0,0,0,0,0,0,0,0,16.34285714285714,0.21050000000000002,0,2,0,13.793,0,0
6754a2986ccfc038b9f55f65,0,0,0,0,0,0,0,0,0,0,0,13.529411764705882,0.258,0,4,0,5.499,0,0
6754a29a6ccfc038b9f55f67,0,0,0,0,0,0,0,0,0,0,0,13.421052631578947,0.288,0,5,0,5.423,0,0
6754a29f6ccfc038b9f55f69,0,0,0,0,0,0,0,0,0,0,0,3.5833333333333335,0.0325,0,0,0,3.331,0,0
6754a2a16ccfc038b9f55f6b,0,0,0,0,0,0,0,0,0,0,0,11.428571428571429,0.269,0,4,0,5.475,0,0
6754a2a46ccfc038b9f55f6d,0,0,0,0,0,0,0,0,0,0,0,14.631578947368421,0.331,0,3,0,5.474,0,0
6754a2a86ccfc038b9f55f6f,0,0,0,0,0,0,0,0,0,0,0,3.1333333333333337,0.0295,0,0,0,3.302,0,0
6754a2ab6ccfc038b9f55f71,0,0,0,0,0,0,0,0,0,0,0,14.764705882352942,0.276,0,3,0,5.508,0,0
6754a2ac6ccfc038b9f55f73,0,0,0,0,0,0,0,0,0,0,0,17.066666666666666,0.297,0,2,0,5.481,0,0
6754a2ac6ccfc038b9f55f75,0,0,0,0,0,0,0,0,0,0,0,15.041666666666668,0.188,0,1,0,13.74,0,0
6754a2af6ccfc038b9f55f77,0,0,0,0,0,0,0,0,0,0,0,3.25,0.03,0,0,0,3.291,0,0
6754a2b46ccfc038b9f55f79,0,0,0,0,0,0,0,0,0,0,0,18.4,0.297,0,1,0,5.508,0,0
6754a2b66ccfc038b9f55f7b,0,0,0,0,0,0,0,0,0,0,0,19.333333333333332,0.322,0,3,0,5.527,0,0
6754a2b76ccfc038b9f55f7d,0,0,0,0,0,0,0,0,0,0,0,4.783333333333333,0.0415,0,0,0,3.34,0,0
6754a2bd6ccfc038b9f55f7f,0,0,0,0,0,0,0,0,0,0,0,14.947368421052632,0.315,0,4,0,5.551,0,0
6754a2bf6ccfc038b9f55f81,0,0,0,0,0,0,0,0,0,0,0,12.529411764705882,0.239,0,3,0,5.41,0,0
6754a2bf6ccfc038b9f55f83,0,0,0,0,0,0,0,0,0,0,0,3.6666666666666665,0.034,0,0,0,3.299,0,0
6754a2c16ccfc038b9f55f85,0,0,0,0,0,0,0,0,0,0,0,16.383333333333333,0.191,0,1,0,13.794,0,0
6754a2c66ccfc038b9f55f87,0,0,0,0,0,0,0,0,0,0,0,15.470588235294118,0.277,0,3,0,5.448,0,0
6754a2c76ccfc038b9f55f89,0,0,0,0,0,0,0,0,0,0,0,3.1333333333333337,0.028999999999999998,0,0,0,3.292,0,0
6754a2c86ccfc038b9f55f8b,0,0,0,0,0,0,0,0,0,0,0,15.352941176470589,0.29,0,3,0,5.439,0,0
6754a2cf6ccfc038b9f55f8d,0,0,0,0,0,0,0,0,0,0,0,3.45,0.034,0,0,0,3.321,0,0
6754a2d06ccfc038b9f55f8f,0,0,0,0,0,0,0,0,0,0,0,17.133333333333333,0.294,0,2,0,5.512,0,0
6754a2d16ccfc038b9f55f91,0,0,0,0,0,0,0,0,0,0,0,18.76923076923077,0.289,0,0,0,5.428,0,0
6754a2d56ccfc038b9f55f93,0,0,0,0,0,0,0,0,0,0,0,17.1625,0.16649999999999998,0,0,0,13.684,0,0
6754a2d76ccfc038b9f55f95,0,0,0,0,0,0,0,0,0,0,0,3.5833333333333335,0.035,0,0,0,3.328,0,0
6754a2d96ccfc038b9f55f97,0,0,0,0,0,0,0,0,0,0,0,15.466666666666667,0.256,0,3,0,5.49,0,0
6754a2da6ccfc038b9f55f99,0,0,0,0,0,0,0,0,0,0,0,14.529411764705882,0.273,0,3,0,5.395,0,0
6754a2e06ccfc038b9f55f9b,0,0,0,0,0,0,0,0,0,0,0,3.5833333333333335,0.035,0,0,0,3.315,0,0
6754a2e26ccfc038b9f55f9d,0,0,0,0,0,0,0,0,0,0,0,12.894736842105264,0.268,0,5,0,5.493,0,0
6754a2e36ccfc038b9f55f9f,0,0,0,0,0,0,0,0,0,0,0,13.052631578947368,0.283,0,4,0,5.414,0,0
6754a2e86ccfc038b9f55fa1,0,0,0,0,0,0,0,0,0,0,0,2.783333333333333,0.026500000000000003,0,0,0,3.287,0,0
6754a2ea6ccfc038b9f55fa3,0,0,0,0,0,0,0,0,0,0,0,14.041666666666668,0.16149999999999998,0.001,0,0,13.753,0,0
6754a2eb6ccfc038b9f55fa5,0,0,0,0,0,0,0,0,0,0,0,12.117647058823529,0.229,0,4,0,5.444,0,0
6754a2ec6ccfc038b9f55fa7,0,0,0,0,0,0,0,0,0,0,0,14.666666666666666,0.262,0,1,0,5.402,0,0
6754a2f06ccfc038b9f55fa9,0,0,0,0,0,0,0,0,0,0,0,4.483333333333333,0.0395,0,0,0,3.326,0,0
6754a2f56ccfc038b9f55fab,0,0,0,0,0,0,0,0,0,0,0,15.631578947368421,0.324,0,4,0,5.524,0,0
6754a2f66ccfc038b9f55fad,0,0,0,0,0,0,0,0,0,0,0,12.764705882352942,0.26,0,2,0,5.425,0,0
6754a2f86ccfc038b9f55faf,0,0,0,0,0,0,0,0,0,0,0,3.283333333333333,0.0305,0,0,0,3.307,0,0
6754a2fe6ccfc038b9f55fb1,0,0,0,0,0,0,0,0,0,0,0,14.533333333333333,0.247,0,3,0,5.457,0,0
6754a2fe6ccfc038b9f55fb3,0,0,0,0,0,0,0,0,0,0,0,18.615384615384617,0.261,0,0,0,5.406,0,0
6754a2ff6ccfc038b9f55fb5,0,0,0,0,0,0,0,0,0,0,0,17.6,0.1935,0.001,0,0,13.732,0,0
6754a3006ccfc038b9f55fb7,0,0,0,0,0,0,0,0,0,0,0,4,0.0385,0.001,0,0,3.321,0,0
6754a3076ccfc038b9f55fb9,0,0,0,0,0,0,0,0,0,0,0,18.46153846153846,0.273,0,1,0,5.482,0,0
6754a3086ccfc038b9f55fbb,0,0,0,0,0,0,0,0,0,0,0,3.3666666666666663,0.035500000000000004,0,0,0,3.317,0,0
6754a3086ccfc038b9f55fbd,0,0,0,0,0,0,0,0,0,0,0,15.588235294117647,0.297,0,3,0,5.439,0,0
6754a30f6ccfc038b9f55fbf,0,0,0,0,0,0,0,0,0,0,0,3.716666666666667,0.0345,0.001,0,0,3.323,0,0
6754a3106ccfc038b9f55fc1,0,0,0,0,0,0,0,0,0,0,0,15.823529411764707,0.296,0,3,0,5.559,0,0
6754a3116ccfc038b9f55fc3,0,0,0,0,0,0,0,0,0,0,0,11.526315789473685,0.256,0,5,0,5.432,0,0
6754a3136ccfc038b9f55fc5,0,0,0,0,0,0,0,0,0,0,0,15.666666666666668,0.1995,0,1,0,13.786,0,0
6754a3186ccfc038b9f55fc7,0,0,0,0,0,0,0,0,0,0,0,3.466666666666667,0.0335,0,0,0,3.289,0,0
6754a31a6ccfc038b9f55fc9,0,0,0,0,0,0,0,0,0,0,0,14,0.233,0,2,0,5.463,0,0
6754a31a6ccfc038b9f55fcb,0,0,0,0,0,0,0,0,0,0,0,14.4,0.245,0,1,0,5.374,0,0
6754a3206ccfc038b9f55fcd,0,0,0,0,0,0,0,0,0,0,0,3.4,0.0335,0,0,0,3.348,0,0
6754a3236ccfc038b9f55fcf,0,0,0,0,0,0,0,0,0,0,0,16.666666666666668,0.283,0,2,0,5.51,0,0
6754a3246ccfc038b9f55fd1,0,0,0,0,0,0,0,0,0,0,0,16.266666666666666,0.281,0,1,0,5.445,0,0
6754a3276ccfc038b9f55fd3,0,0,0,0,0,0,0,0,0,0,0,18.4375,0.1955,0,1,0,13.761,0,0
6754a3286ccfc038b9f55fd5,0,0,0,0,0,0,0,0,0,0,0,3.1333333333333337,0.028999999999999998,0,0,0,3.29,0,0
6754a32c6ccfc038b9f55fd7,0,0,0,0,0,0,0,0,0,0,0,15.266666666666667,0.268,0,3,0,5.457,0,0
6754a32d6ccfc038b9f55fd9,0,0,0,0,0,0,0,0,0,0,0,16.6,0.292,0,2,0,5.441,0,0
6754a3306ccfc038b9f55fdb,0,0,0,0,0,0,0,0,0,0,0,5.266666666666667,0.0505,0,0,0,3.345,0,0
6754a3356ccfc038b9f55fdd,0,0,0,0,0,0,0,0,0,0,0,14.866666666666667,0.262,0,3,0,5.435,0,0
6754a3366ccfc038b9f55fdf,0,0,0,0,0,0,0,0,0,0,0,13.058823529411764,0.245,0,3,0,5.399,0,0
6754a3386ccfc038b9f55fe1,0,0,0,0,0,0,0,0,0,0,0,3.55,0.035,0,0,0,3.309,0,0
6754a33c6ccfc038b9f55fe3,0,0,0,0,0,0,0,0,0,0,0,16.05,0.1545,0,0,0,13.705,0,0
6754a33e6ccfc038b9f55fe5,0,0,0,0,0,0,0,0,0,0,0,16.933333333333334,0.272,0,3,0,5.5,0,0
6754a33f6ccfc038b9f55fe7,0,0,0,0,0,0,0,0,0,0,0,12.052631578947368,0.245,0,4,0,5.38,0,0
6754a3406ccfc038b9f55fe9,0,0,0,0,0,0,0,0,0,0,0,3.6,0.036000000000000004,0,0,0,3.304,0,0
6754a3486ccfc038b9f55feb,0,0,0,0,0,0,0,0,0,0,0,3.15,0.0305,0,0,0,3.312,0,0
6754a3486ccfc038b9f55fed,0,0,0,0,0,0,0,0,0,0,0,18.76923076923077,0.269,0,1,0,5.515,0,0
6754a3496ccfc038b9f55fef,0,0,0,0,0,0,0,0,0,0,0,21.846153846153847,0.321,0,0,0,5.446,0,0
6754a3506ccfc038b9f55ff1,0,0,0,0,0,0,0,0,0,0,0,3.15,0.031,0,0,0,3.293,0,0
6754a3516ccfc038b9f55ff3,0,0,0,0,0,0,0,0,0,0,0,15.95,0.1735,0,0,0,13.709,0,0
6754a3516ccfc038b9f55ff5,0,0,0,0,0,0,0,0,0,0,0,11.285714285714286,0.27,0,6,0,5.5,0,0
6754a3526ccfc038b9f55ff7,0,0,0,0,0,0,0,0,0,0,0,15.133333333333333,0.266,0,1,0,5.427,0,0
6754a3586ccfc038b9f55ff9,0,0,0,0,0,0,0,0,0,0,0,3.1166666666666663,0.0295,0,0,0,3.333,0,0
6754a35b6ccfc038b9f55ffb,0,0,0,0,0,0,0,0,0,0,0,15.647058823529411,0.292,0,4,0,5.557,0,0
6754a35b6ccfc038b9f55ffd,0,0,0,0,0,0,0,0,0,0,0,15.764705882352942,0.296,0,4,0,5.493,0,0
6754a3606ccfc038b9f55fff,0,0,0,0,0,0,0,0,0,0,0,3.3666666666666663,0.0325,0,0,0,3.333,0,0
6754a3646ccfc038b9f56001,0,0,0,0,0,0,0,0,0,0,0,15.666666666666666,0.261,0,2,0,5.49,0,0
6754a3646ccfc038b9f56003,0,0,0,0,0,0,0,0,0,0,0,15.411764705882353,0.305,0,2,0,5.433,0,0
6754a3656ccfc038b9f56005,0,0,0,0,0,0,0,0,0,0,0,14.014285714285714,0.181,0,2,0,13.75,0,0
6754a3686ccfc038b9f56007,0,0,0,0,0,0,0,0,0,0,0,6.4,0.05399999999999999,0,0,0,3.331,0,0
6754a36d6ccfc038b9f56009,0,0,0,0,0,0,0,0,0,0,0,13.588235294117647,0.254,0,3,0,5.452,0,0
6754a36e6ccfc038b9f5600b,0,0,0,0,0,0,0,0,0,0,0,14.941176470588236,0.3,0,3,0,5.45,0,0
6754a3706ccfc038b9f5600d,0,0,0,0,0,0,0,0,0,0,0,4.433333333333334,0.041,0,0,0,3.317,0,0
6754a3766ccfc038b9f5600f,0,0,0,0,0,0,0,0,0,0,0,15.866666666666667,0.26,0,3,0,5.482,0,0
6754a3776ccfc038b9f56011,0,0,0,0,0,0,0,0,0,0,0,16.923076923076923,0.253,0,0,0,5.417,0,0
6754a3786ccfc038b9f56013,0,0,0,0,0,0,0,0,0,0,0,3.6666666666666665,0.036500000000000005,0,0,0,3.327,0,0
6754a3796ccfc038b9f56015,0,0,0,0,0,0,0,0,0,0,0,14.75,0.16599999999999998,0.001,2,0,13.708,0,0
6754a37f6ccfc038b9f56017,0,0,0,0,0,0,0,0,0,0,0,15.866666666666667,0.263,0,2,0,5.531,0,0
6754a3806ccfc038b9f56019,0,0,0,0,0,0,0,0,0,0,0,15.866666666666667,0.271,0,2,0,5.4,0,0
6754a3806ccfc038b9f5601b,0,0,0,0,0,0,0,0,0,0,0,4.416666666666666,0.041,0,0,0,3.313,0,0
6754a3886ccfc038b9f5601d,0,0,0,0,0,0,0,0,0,0,0,3.533333333333333,0.0345,0,0,0,3.33,0,0
6754a3896ccfc038b9f5601f,0,0,0,0,0,0,0,0,0,0,0,15.6,0.262,0,2,0,5.489,0,0
6754a3896ccfc038b9f56021,0,0,0,0,0,0,0,0,0,0,0,12.6,0.217,0,2,0,5.38,0,0
6754a38e6ccfc038b9f56023,0,0,0,0,0,0,0,0,0,0,0,16.333333333333332,0.16899999999999998,0,1,0,13.751,0,0
6754a3906ccfc038b9f56025,0,0,0,0,0,0,0,0,0,0,0,3.3666666666666663,0.033,0.001,0,0,3.308,0,0
6754a3926ccfc038b9f56027,0,0,0,0,0,0,0,0,0,0,0,18.533333333333335,0.308,0,2,0,5.542,0,0
6754a3926ccfc038b9f56029,0,0,0,0,0,0,0,0,0,0,0,16.46153846153846,0.252,0,1,0,5.419,0,0
6754a3996ccfc038b9f5602b,0,0,0,0,0,0,0,0,0,0,0,3.3666666666666663,0.033,0,0,0,3.333,0,0
6754a39c6ccfc038b9f5602d,0,0,0,0,0,0,0,0,0,0,0,16.076923076923077,0.238,0,0,0,5.384,0,0
6754a39c6ccfc038b9f5602f,0,0,0,0,0,0,0,0,0,0,0,18.333333333333332,0.31,0,2,0,5.555,0,0
6754a3a16ccfc038b9f56031,0,0,0,0,0,0,0,0,0,0,0,3.283333333333333,0.0315,0,0,0,3.339,0,0
6754a3a36ccfc038b9f56033,0,0,0,0,0,0,0,0,0,0,0,16.766666666666666,0.191,0.001,0,0,13.779,0,0
6754a3a56ccfc038b9f56035,0,0,0,0,0,0,0,0,0,0,0,18.615384615384617,0.274,0,1,0,5.421,0,0
6754a3a56ccfc038b9f56037,0,0,0,0,0,0,0,0,0,0,0,16,0.262,0,1,0,5.453,0,0
6754a3ae6ccfc038b9f56039,0,0,0,0,0,0,0,0,0,0,0,13.705882352941176,0.279,0,3,0,5.465,0,0
6754a3af6ccfc038b9f5603b,0,0,0,0,0,0,0,0,0,0,0,16.647058823529413,0.316,0,2,0,5.566,0,0
6754a3b76ccfc038b9f5603d,0,0,0,0,0,0,0,0,0,0,0,15.678571428571429,0.1885,0.001,2,0,13.751,0,0
6754a3b86ccfc038b9f5603f,0,0,0,0,0,0,0,0,0,0,0,17.307692307692307,0.253,0,0,0,5.403,0,0
6754a3b86ccfc038b9f56041,0,0,0,0,0,0,0,0,0,0,0,12.411764705882353,0.244,0,4,0,5.459,0,0
6754a3c16ccfc038b9f56043,0,0,0,0,0,0,0,0,0,0,0,13.2,0.233,0,2,0,5.38,0,0
6754a3c16ccfc038b9f56045,0,0,0,0,0,0,0,0,0,0,0,12.842105263157896,0.272,0,4,0,5.479,0,0
6754a3ca6ccfc038b9f56047,0,0,0,0,0,0,0,0,0,0,0,15.333333333333334,0.261,0,1,0,5.435,0,0
6754a3ca6ccfc038b9f56049,0,0,0,0,0,0,0,0,0,0,0,17.076923076923077,0.247,0,1,0,5.474,0,0
6754a3cc6ccfc038b9f5604b,0,0,0,0,0,0,0,0,0,0,0,18.725,0.1755,0.001,0,0,13.764,0,0
6754a3d36ccfc038b9f5604d,0,0,0,0,0,0,0,0,0,0,0,12.470588235294118,0.228,0,5,0,5.481,0,0
6754a3d36ccfc038b9f5604f,0,0,0,0,0,0,0,0,0,0,0,14.764705882352942,0.283,0,3,0,5.456,0,0
6754a3dc6ccfc038b9f56051,0,0,0,0,0,0,0,0,0,0,0,14.6,0.241,0,1,0,5.431,0,0
6754a3dc6ccfc038b9f56053,0,0,0,0,0,0,0,0,0,0,0,15.846153846153847,0.235,0,2,0,5.393,0,0
6754a3e06ccfc038b9f56055,0,0,0,0,0,0,0,0,0,0,0,19.1875,0.181,0,0,0,13.793,0,0
6754a3e66ccfc038b9f56057,0,0,0,0,0,0,0,0,0,0,0,16.352941176470587,0.306,0,2,0,5.439,0,0
6754a3e66ccfc038b9f56059,0,0,0,0,0,0,0,0,0,0,0,15.466666666666667,0.265,0,2,0,5.471,0,0
6754a3ef6ccfc038b9f5605b,0,0,0,0,0,0,0,0,0,0,0,15.066666666666666,0.259,0,2,0,5.421,0,0
6754a3ef6ccfc038b9f5605d,0,0,0,0,0,0,0,0,0,0,0,18.41176470588235,0.328,0,3,0,5.526,0,0
6754a3f46ccfc038b9f5605f,0,0,0,0,0,0,0,0,0,0,0,13.232142857142858,0.1875,0.001,2,0,13.775,0,0
6754a3f86ccfc038b9f56061,0,0,0,0,0,0,0,0,0,0,0,14.117647058823529,0.278,0,2,0,5.416,0,0
6754a3f86ccfc038b9f56063,0,0,0,0,0,0,0,0,0,0,0,15.823529411764707,0.288,0,3,0,5.537,0,0
6754a4016ccfc038b9f56065,0,0,0,0,0,0,0,0,0,0,0,18.307692307692307,0.275,0,1,0,5.419,0,0
6754a4016ccfc038b9f56067,0,0,0,0,0,0,0,0,0,0,0,13.894736842105264,0.292,0,4,0,5.486,0,0
6754a4096ccfc038b9f56069,0,0,0,0,0,0,0,0,0,0,0,15.06875,0.203,0.001,3,0,13.855,0,0
6754a40a6ccfc038b9f5606b,0,0,0,0,0,0,0,0,0,0,0,11.095238095238095,0.274,0,4,0,5.409,0,0
6754a40a6ccfc038b9f5606d,0,0,0,0,0,0,0,0,0,0,0,13,0.223,0,3,0,5.434,0,0
6754a4136ccfc038b9f5606f,0,0,0,0,0,0,0,0,0,0,0,19.846153846153847,0.296,0,3,0,5.44,0,0
6754a4146ccfc038b9f56071,0,0,0,0,0,0,0,0,0,0,0,12.263157894736842,0.271,0,3,0,5.523,0,0
6754a41d6ccfc038b9f56073,0,0,0,0,0,0,0,0,0,0,0,17.307692307692307,0.258,0,0,0,5.399,0,0
6754a41d6ccfc038b9f56075,0,0,0,0,0,0,0,0,0,0,0,16.6,0.275,0,2,0,5.485,0,0
6754a41d6ccfc038b9f56077,0,0,0,0,0,0,0,0,0,0,0,16.6875,0.176,0,1,0,13.791,0,0
6754a4266ccfc038b9f56079,0,0,0,0,0,0,0,0,0,0,0,13.882352941176471,0.269,0,4,0,5.479,0,0
6754a4326ccfc038b9f5607b,0,0,0,0,0,0,0,0,0,0,0,16.55,0.181,0.001,0,0,13.795,0,0
6754a4466ccfc038b9f5607d,0,0,0,0,0,0,0,0,0,0,0,16.007142857142856,0.2005,0.001,2,0,13.826,0,0
6754a45b6ccfc038b9f5607f,0,0,0,0,0,0,0,0,0,0,0,15.43452380952381,0.2165,0,1,0,13.869,0,0
6754a46f6ccfc038b9f56081,0,0,0,0,0,0,0,0,0,0,0,16.333333333333332,0.20750000000000002,0.002,1,0,13.841,0,0
6754a4836ccfc038b9f56083,0,0,0,0,0,0,0,0,0,0,0,20.145833333333336,0.21650000000000003,0.001,1,0,13.858,0,0
6754a4986ccfc038b9f56085,0,0,0,0,0,0,0,0,0,0,0,20.3125,0.201,0,0,0,13.862,0,0
6754a4ac6ccfc038b9f56087,0,0,0,0,0,0,0,0,0,0,0,16.55,0.20450000000000002,0,1,0,13.838,0,0
6754a4c06ccfc038b9f56089,0,0,0,0,0,0,0,0,0,0,0,14.232142857142858,0.174,0,2,0,13.767,0,0
6754a4d56ccfc038b9f5608b,0,0,0,0,0,0,0,0,0,0,0,17.35,0.186,0.001,0,0,13.797,0,0
6754a4e96ccfc038b9f5608d,0,0,0,0,0,0,0,0,0,0,0,17.979166666666664,0.2015,0,1,0,13.854,0,0
6754a4fd6ccfc038b9f5608f,0,0,0,0,0,0,0,0,0,0,0,16.5,0.1625,0.001,0,0,13.745,0,0
6754a5126ccfc038b9f56091,0,0,0,0,0,0,0,0,0,0,0,14.645833333333332,0.1625,0,1,0,13.695,0,0
6754a5266ccfc038b9f56093,0,0,0,0,0,0,0,0,0,0,0,12.62142857142857,0.165,0,2,0,13.718,0,0
6754a53a6ccfc038b9f56095,0,0,0,0,0,0,0,0,0,0,0,15.549999999999999,0.16899999999999998,0,0,0,13.741,0,0
6754a54e6ccfc038b9f56097,0,0,0,0,0,0,0,0,0,0,0,17.0375,0.173,0,0,0,13.737,0,0
6754a5626ccfc038b9f56099,0,0,0,0,0,0,0,0,0,0,0,13.35,0.16649999999999998,0,1,0,13.728,0,0
