mouseSpeed,mouseAngle,mouseTremors,mouseJitters,xVariance,yVariance,totalVariance,keyHoldDuration,keyHoldStd,clickIntervalAvg,scrollSpeedAvg,keyStrokeInterval,avgTimeSpentField,averageTimeInterval,backspaceCount,averageTimeSpent,label
0.23485558167814100,1.2408301410188200,4,0,0,0,0,398.3,724.61507712716,0,0,164.2,9.219,0,2,18.399,0
0.156169574350104,1.3558445411434300,6,3.0813808206523000,0,0,0,302.42857142857100,577.0023166932590,0,0,157.1818181818180,12.424,0,0,19.273,0
0.15763263298233500,1.4618225921765400,6,1.3102459264058300,0,0,0,402.3333333333330,488.7655652537090,0,0,115.3076923076920,8.827,0,1,19.311,0
0.1735738971245400,0.9165425119074520,3,0,0,0,0,384,405.37746470282300,0,0,81.88235294117650,10.379,0,3,17.505,0
0.22231808341863600,1.280793976099530,5,1.3492335926825400,0,0,0,169.75,251.71052322062300,0,0,89.92307692307690,16.635,0,1,21.26,0
0.1591079084105130,1.1046990704491500,4,1.972664019196540,0,0,0,132.4,251.70268174971800,0,0,78.93333333333330,9.463,0,1,16.483,0
0.1322336075639060,1.2237043217028900,5,0,0,0,0,512.5,739.2946525799670,0,0,106.42857142857100,13.266,0,4,20.628,0
0.1926110994741880,1.2229650944487700,8,1.8084037120470000,0,0,0,140.6153846153850,286.8474637427030,0,0,50.526315789473700,23.357,0,4,27.857,0
0.24872965775050900,1.5849620662806600,5,0,0,0,0,395.14285714285700,443.0525375397460,0,0,92.23076923076920,9.101,0,0,16.673,0
0.17543741954341800,1.4907438453610800,7,2.7529399686328400,0,0,0,118.33333333333300,178.88171138119900,0,0,117.84615384615400,15.506,0,1,23.909,0
0.19640072471675300,1.3891237564155400,8,1.4175024088443500,0,0,0,267.72727272727300,381.14637868340200,0,0,62.26315789473680,22.425,0,3,32.996,0
0.15644744750195800,0.8641170301909090,4,0,0,0,0,123.63636363636400,209.37016924240900,0,0,42.333333333333300,14.826,0,2,23.298,0
0.2326189940875430,1.2870582147851300,4,0,0,0,0,719.6666666666670,840.0944391356640,0,0,140.47058823529400,12.294,0,2,19.41,0
0.18378967196957200,1.1984387564145700,5,1.1410879802373100,0,0,0,191.9090909090910,294.9626954981550,0,0,71.86666666666670,11.189,0,2,18.522,0
0.17689753830836600,1.456922990674300,4,0,0,0,0,127.9,194.03218805136400,0,0,36.06666666666670,10.031,0,1,15.008,0
0.20092908942860600,1.5689024163693500,5,0,0,0,0,67.44444444444440,94.35054155307230,0,0,19.307692307692300,6.63,0,1,14.553,0
0.14348771633113700,0.8419295041410810,2,2.1688927834030600,0,0,0,388.55555555555600,582.6520042226680,0,0,143.06666666666700,8.174,0,1,15.824,0
0.10471391306307200,1.0907027613294200,3,2.367533486549050,0,0,0,322.90909090909100,604.3234315475080,0,0,124.76470588235300,9.653,0,2,19.837,0
0.16053030623693000,1.1568212278952400,4,3.1643118644553400,0,0,0,84.2,197.59696353942300,0,0,44.53333333333330,12.456,0,2,17.205,0
0.1838858755625670,0.7747241615270470,2,3.1662867964783800,0,0,0,112.6,295.9460085894050,0,0,68.66666666666670,11.289,0,1,16.197,0
0.13533528036688800,1.4747460829886200,4,0,0,0,0,503.5,503.53343152830100,0,0,153.8181818181820,7.652,0,0,16.331,0
0.1299209452881010,1.3696906955597300,7,4.675164283110310,0,0,0,704.6666666666670,693.3961510004380,0,0,181.84615384615400,11.692,0,0,21.803,0
0.17875258796991200,1.152213851141780,6,2.458670372765110,0,0,0,349.3333333333330,369.4372597463460,0,0,78.45454545454550,12.671,0,0,23.268,0
0.22248992302324200,0.7042118983109740,2,0,0,0,0,122.6,239.9504948942590,0,0,40.8,8.505,0,1,15.865,0
0.14676175047135900,1.7973285039695500,6,2.7425144164700800,0,0,0,58.76923076923080,120.66109808764400,0,0,24.789473684210500,8.518,0,4,18.222,0
0.26066155173223200,1.3094330565521500,5,1.8617049850540000,0,0,0,70.88888888888890,162.05927889677700,0,0,42.666666666666700,18.696,0,1,23.104,0
0.1571052846815400,1.1202250980555000,2,0,0,0,0,157.66666666666700,294.6082144136510,0,0,68,9.63,0,0,14.126,0
0.14263428512070600,1.337015326811750,5,3.802305827839950,0,0,0,146.55555555555600,285.97556659854400,0,0,70.23076923076920,11.71,0,1,21.336,0
0.09116126992518050,1.2622670949716300,4,3.1849631512799300,0,0,0,357.3333333333330,527.381634956024,0,0,67.47619047619050,12.831,0,4,23.326,0
0.13512447683218200,1.1416824851987500,3,4.748826054513040,0,0,0,425.8888888888890,555.5538666641000,0,0,108.76923076923100,12.391,0,1,17.198,0
0.11680155062482000,1.2635989270208400,4,2.7358495940409900,0,0,0,371.45454545454500,487.56451575642100,0,0,121.17647058823500,11.342,0,2,22.093,0
0.1937995854670610,1.7093292627368000,10,0,0,0,0,409.6363636363640,566.2841035649980,0,0,108.2,23.875,0,2,30.436,0
0.11879677965379700,1.2023693825301700,7,0.20529649891034300,0,0,0,520.8181818181820,747.8268902969720,0,0,254.26666666666700,17.235,0,1,27.39,0
0.2083606051366990,0.7317050146651990,2,0,0,0,0,471,629.9923809063090,0,0,118.70588235294100,11.111,0,2,15.746,0
0.16649622841668600,1.2667765788198300,9,1.9358162807800500,0,0,0,113.85714285714300,234.90936159137100,0,0,56.84615384615390,20.36,0,1,30.983,0
0.24076871165995100,1.6296942280056600,5,0,0,0,0,109.27272727272700,146.46755204362800,0,0,47.63157894736840,13.21,0,3,17.809,0
0.196556674889482,1.3632419208851800,4,0.76264435798099,0,0,0,82.81818181818180,159.15733678106000,0,0,101.6923076923080,9.189,0,1,16.502,0
0.20531364554525000,0.8274744380819380,4,0,0,0,0,94.66666666666670,113.74044526415800,0,0,40.421052631578900,10.638,0,3,18.821,0
0.17155436840938900,0.9723969708747930,4,2.356145608867100,0,0,0,253.36363636363600,544.374582388279,0,0,114,15.342,0,2,20.147,0
0.19947165467618600,0.9679968008100520,2,1.9955654265208700,0,0,0,249,453.92201973466800,0,0,103.46666666666700,8.972,0,1,14.743,0
0.17000229342246500,1.1689531638544600,6,0,0,0,0,253.91666666666700,370.24979368288900,0,0,99.05882352941180,12.147,0,2,21.529,0
0.19094972360423700,1.2405116350166800,7,3.5873206265096600,0,0,0,81.625,181.07452712902500,0,0,47.61538461538460,17.046,0,1,23.175,0
0.23071712907070000,1.3846715928574500,4,0,0,0,0,214.6,418.89215795954000,0,0,134,11.628,0,1,16.087,0
0.09993876325182270,0.7400161788296390,3,2.8748810558952900,0,0,0,332.4,336.3097381878790,0,0,60.266666666666700,8.405,0,2,18.791,0
0.18913080375081300,1.078370191176290,4,1.8278849785938600,0,0,0,410.7,491.16739509051300,0,0,86.47058823529410,14.596,0,2,19.252,0
0.19623581712368800,1.41302320922906,4,2.8028775489156900,0,0,0,446.27272727272700,766.974586625219,0,0,153.2941176470590,9.03,0,3,19.299,0
0.21222264758925300,1.1330234622552400,6,4.919313839250680,0,0,0,134.9090909090910,225.402853311558,0,0,47.76470588235290,18.935,0,2,24.953,0
0.1478570832953660,1.2156657427117300,4,1.1727003020654500,0,0,0,116,198.27506146764900,0,0,41.84615384615390,12.235,0,1,19.983,0
0.12564855903152400,1.1391390380643900,7,0.7626148592980190,0,0,0,182.625,330.1931016465970,0,0,74.76923076923080,15.913,0,0,26.727,0
0.2086390446607450,1.5786840824752000,6,0,0,0,0,188,347.87322084026200,0,0,74.61538461538460,11.515,0,1,17.4,0
0.16224462928190500,1.5433290225239,6,0.8202040354432640,0,0,0,409.8888888888890,636.3968790419400,0,0,120.46666666666700,12.796,0,1,20.46,0
0.20473545932308000,2.1631015137220300,10,0.4103566230837710,0,0,0,616.75,657.6894688985070,0,0,109.53333333333300,20.183,0,2,24.912,0
0.199436591169204,1.2746503296018600,10,0,0,0,0,251.25,354.634935532302,0,0,107.38461538461500,24.152,0,0,33.928,0
0.17205532379562800,1.3538705258798600,4,0,0,0,0,240.77777777777800,278.8049010320770,0,0,66.07692307692310,10.621,0,1,15.342,0
0.14911180283486600,1.0877379187348900,4,0,0,0,0,352.1111111111110,442.918212777344,0,0,94.86666666666670,6.993,0,1,17.589,0
0.160938720123802,1.4615773968019000,6,3.2515413104081600,0,0,0,335.6,419.10647811743500,0,0,106.58823529411800,14.97,0,3,18.603,0
0.17962849583445000,1.4118109739800500,7,0,0,0,0,325.6666666666670,393.53158845397800,0,0,109.46153846153800,13.041,0,0,19.341,0
0.1471475742388140,1.3750975069499100,5,3.319383128956010,0,0,0,24.285714285714300,29.28048733842230,0,0,5.769230769230770,11.958,0,0,19.991,0
0.1664325083570730,1.6314522471973200,10,0.6356635920512020,0,0,0,133.14285714285700,193.75863377735000,0,0,44.18181818181820,22.121,0,0,28.726,0
0.1611828020876560,1.3476370089296300,6,0,0,0,0,193.875,316.10458613408300,0,0,71.38461538461540,12.167,0,0,23.023,0
0.14799606484782200,1.4461171937649800,5,0.4013053376978060,0,0,0,183.3,392.9025451686460,0,0,139.15384615384600,12.571,0,1,21.58,0
0.20555718920801800,1.2100731791147300,2,3.677944640419750,0,0,0,283.14285714285700,579.530087613214,0,0,93.57142857142860,12.923,0,4,17.795,0
0.17307356846801200,1.7061553760104700,9,3.492945169198200,0,0,0,220.66666666666700,358.80225132453600,0,0,58.94117647058820,14.664,0,2,22.724,0
0.14879528322983100,1.1794264129816600,5,4.057360425882020,0,0,0,317,611.5525324941430,0,0,116.94117647058800,23.122,0,3,30.5,0
0.19912675349158000,1.340506660355420,5,3.2891699716905300,0,0,0,535.4285714285710,646.1478948668150,0,0,130.30769230769200,8.934,0,0,19.83,0
0.21131552325539600,1.4592869393720900,5,0,0,0,0,62.666666666666700,133.5841391117310,0,0,100.2,10.478,0,2,17.776,0
0.20561519722490200,0.8138754060886560,2,2.3564099706404200,0,0,0,354,460.7583810570200,0,0,94.6923076923077,8.349,0,0,14.317,0
0.17087186012104900,1.0568776731439300,5,0,0,0,0,245.75,365.25245264976200,0,0,80.33333333333330,17.907,0,2,27.727,0
0.19615493800883800,0.7865233309839370,2,0,0,0,0,376.22222222222200,596.7120611740790,0,0,137.2941176470590,12.231,0,2,20.216,0
0.2005608520593310,1.0875174018634200,4,2.1442811767666900,0,0,0,312,295.14674316346400,0,0,61.92307692307690,13.777,0,0,18.343,0
0.157527951471945,1.4320799850463500,9,2.355702140329390,0,0,0,196.57142857142900,329.2848775942270,0,0,118,21.402,0,0,31.026,0
0.17417459384372700,1.067412149825650,3,1.773408520027640,0,0,0,313.90909090909100,370.0209956071180,0,0,99.33333333333330,10.449,0,1,20.673,0
0.1487600403413320,1.1890509762989900,4,2.781184264658380,0,0,0,712.2727272727270,947.0967206928280,0,0,98.34782608695650,9.129,0,5,17.817,0
0.25210890218072700,1.6100751529700300,9,4.129693971037430,0,0,0,197.33333333333300,528.2739188464010,0,0,134.07692307692300,17.867,0,1,27.976,0
0.20491095789399700,1.0964089598478500,7,2.21717148511204,0,0,0,59.36363636363640,76.63167245428290,0,0,20.529411764705900,19.605,0,2,31.407,0
0.1678880959797490,1.4079580183527000,8,3.902924625550860,0,0,0,368.9,493.7842545079780,0,0,156.6153846153850,14.389,0,1,24.814,0
0.13074823660274800,1.0785597583089700,3,1.6477739974387600,0,0,0,211,186.26743020602300,0,0,35.92307692307690,8.554,0,0,18.87,0
0.12061799632417500,1.1756233826363200,6,1.9629586692377000,0,0,0,128.57142857142900,177.10679356402600,0,0,43.09090909090910,14.675,0,0,24.902,0
0.23897717867475700,1.3931761335164800,4,0,0,0,0,485,604.0579442404510,0,0,89.76470588235290,11.376,0,2,15.609,0
0.15409929071762100,1.1534785043498600,4,0.45246052599907200,0,0,0,400.22222222222200,827.8285890445600,0,0,157.23529411764700,14.004,0,2,19.232,0
0.19210637138753600,1.6476743162665100,7,3.5865495480376500,0,0,0,374.5,402.65990612426300,0,0,101.53846153846200,9.416,0,1,20.586,0
0.1477295641555850,1.1118539651531100,3,0,0,0,0,109.5,190.38710565581900,0,0,46.38461538461540,5.67,0,1,13.577,0
0.13969612268616300,1.5298265648858200,6,0.8842886065585280,0,0,0,355.3,375.14025377183900,0,0,71.88235294117650,9.151,0,2,20.218,0
0.18143633355353400,1.2878702804442100,6,3.016623400970020,0,0,0,182,296.3499160237320,0,0,133.6,18.026,0,1,24.832,0
0.15559416151920800,1.372561360785180,6,2.04150518581379,0,0,0,194.77777777777800,302.19338097677300,0,0,122.63636363636400,13.293,0,0,20.375,0
0.125524483153001,0.8560551530713030,2,1.1752053478636400,0,0,0,111.14285714285700,160.12265706677000,0,0,34.54545454545460,8.591,0,0,17.762,0
0.20176672946078600,1.5360657938526700,9,4.465673413401830,0,0,0,280.1111111111110,391.7179950606320,0,0,84.66666666666670,24.69,0,1,29.05,0
0.19353586882374500,0.663477737429472,2,1.5855413035576200,0,0,0,327.1666666666670,483.8456767285300,0,0,85.36842105263160,11.328,0,3,18.158,0
0.13372165194503500,1.754336812961190,5,1.805153342386180,0,0,0,167.75,208.143430114909,0,0,123.54545454545500,12.707,0,0,17.924,0
0.16817486374929400,0.8760945431767250,3,0,0,0,0,600.3,801.2757390561630,0,0,164,11.334,0,2,22.61,0
0.1995267026024860,1.6092655921260300,4,0,0,0,0,168.55555555555600,292.91261917018200,0,0,56.13333333333330,10.445,0,2,15.104,0
0.12202390965467500,0.9162854843900140,5,2.917232097575330,0,0,0,368,396.6967775686280,0,0,81.15384615384620,15.062,0,0,24.648,0
0.19132866301188000,1.3364139009443000,7,0,0,0,0,286.875,382.08913799662000,0,0,70.46153846153850,15.293,0,1,24.895,0
0.16816727802023400,1.6802229278956100,6,4.178235789500060,0,0,0,668.9090909090910,789.7444298396860,0,0,102.0952380952380,11.768,0,4,21.923,0
0.18560526422585700,0.9454444974442790,3,0,0,0,0,85.9,184.9656454588260,0,0,41.8,14.253,0,2,18.871,0
0.22663160616113000,1.0788575759531700,3,0,0,0,0,439.2,538.5907165928500,0,0,115.13333333333300,8.229,0,2,13.085,0
0.18631725812253800,1.1571190344320000,3,0,0,0,0,114.7,233.54059604274400,0,0,112.38461538461500,9.713,0,1,14.668,0
0.2062563092711990,1.0276421451565900,3,0,0,0,0,348.45454545454500,638.4196914877700,0,0,146.07692307692300,10.689,0,1,18.672,0
0.25129326116967900,1.8516735081230900,12,3.051574378161000,0,0,0,74.9090909090909,106.55127194791700,0,0,28.235294117647100,16.593,0,3,27.81,0
0.1483048757333340,1.3953643706370000,9,0,0,0,0,24.1,45.67811292074140,0,0,72.53846153846150,18.789,0,1,28.747,0
0.154749936984818,1.367550938824540,11,2.6526959593328200,0,1764,42,4797.75,7079.621359048800,15534,0,366.75,13.772,0.002,4,38.018,0
0.12400110589622500,1.0373806798083000,6,2.898014062534130,85264,1600,294.72699231661800,265,372.21834989693900,9246,0,69.07692307692310,9.253,0,0,25.601,0
0.17182830058912300,1.5918548344804300,12,3.2885147572672500,0,1764,42,8945,10546.261773728200,21642,0,457.8263888888890,15.818000000000000,0.001,6,40.565,0
0.12223904157856500,1.0689519521050000,6,2.6209774506556800,0,121,11,4059.2,5374.288004936100,9389,0.0022788312850980700,254.5648148148150,11.847,0.001,4,35.211,0
0.2094449152740900,1.5306494733784400,14,1.9915097015535700,0,1764,42,6832.136363636360,11048.021296699000,23037,0,539.615,16.3595,0.002,3,39.563,0
0.13665958473980300,1.260695779645540,8,2.4766146865469100,0,1764,42,4271.681818181820,6897.505315733980,15062,0,342.30857142857100,13.8725,0.001,4,32.412,0
0.18092987945009400,1.1551187753433600,8,3.0561857742505700,0,1764,42,9196.65,12248.02718104020,25027,0,481.27284946236600,17.134500000000000,0.002,6,39.795,0
0.2216888927350880,1.3445733901665200,9,2.484862627829900,0,1764,42,6317,9247.42736022342,18467,0,326.3666666666670,15.716000000000000,0.001,8,35.748,0
0.14900585309295500,1.4086807405816500,8,2.9237750490663200,0,1764,42,5493.571428571430,7575.395891408230,14532,0,342.7859195402300,13.3215,0.002,5,33.703,0
0.17277664945959200,1.4607901837532100,10,0,0,1764,42,4101.2,6648.95693774595,14716,0,351.037037037037,11.548,0.001,3,33.442,0
0.14445623997600000,1.260489597115330,9,3.973208815943050,0,961,31,3970.9523809523800,5375.719561812750,11620,0.014369792860964600,317.9807692307690,10.8885,0.001,3,31.474,0
0.17180174272460500,1.3551655800237500,9,0.4880012329259670,0,1764,42,5171.5,7717.361728596110,15866,0,397.84558823529400,14.224,0.001,4,33.669,0
0.12228058534822800,1.3589257112210100,8,2.325978953159620,0,64,8,4597.285714285720,5760.673961421170,11893,0,279.4697802197800,12.782,0.002,4,33.637,0
0.13938271656319800,1.041546221795660,7,2.1613786952120200,0,1764,42,4170.210526315790,6037.56008211532,12522,0,355.1136363636360,11.7865,0.002,0,32.206,0
0.1839950296100720,1.1221502681399600,4,0.5404934206522080,0,1764,42,2929.2380952381000,4503.4378286642300,9756,0,268.7832167832170,9.115,0.001,1,23.248,0
0.18640786500474100,1.2730423241174400,10,0.5280369356632660,0,1764,42,7666.5,9958.235845725430,20452,0,382.87820512820500,14.305,0.001,5,35.382,0
0.18215385097224900,1.3218423539838400,5,1.059270854447870,0,1764,42,3250.75,4650.937742810580,9805,0,272.1695804195800,11.712500000000000,0.002,2,27.347,0
0.15039690548932400,1.2595257862800100,7,2.4123472338854500,0,1764,42,4234.227272727270,6094.2423269227,13321,0,372.46153846153800,12.654500000000000,0.002,3,35.098,0
0.1646769029697290,1.6050267774117200,8,3.034525053784220,0,1764,42,2906.8636363636400,4093.988167761190,8001,0,198.1620879120880,7.7300000000000000,0.001,4,24.105,0
0.13787590984828900,1.163386563953980,6,2.1786890711175400,0,1764,42,3751.1666666666700,5613.853204845630,12208,0,279.31971153846200,10.081,0.002,6,26.991,0
0.14212956805563200,1.586005286420580,9,1.1406713036188900,0,16,4,4207,5213.761223458370,10621,0,307.47435897435900,11.349500000000000,0.001,2,27.766,0
0.193613031251799,1.1432125024495300,9,1.0778938347431600,0,1764,42,4836.772727272730,7684.556348061280,17346,0,374.3474025974030,12.691000000000000,0.002,3,35.287,0
0.16012572928969400,1.3027155340803400,11,2.040564174260780,0,1764,42,3544.1,5993.567918193640,13680,0,336.8541666666670,12.5435,0.002,1,34.166,0
0.15945649263463500,1.6469382154986400,7,0,85264,2916,296.95117443781900,221.33333333333300,246.1609681127820,12253,0,80.94736842105260,12.261,0,3,23.512,0
0.20782438003977700,1.778230179625570,13,2.7721437760017700,0,1764,42,6041.863636363640,8631.087271103500,18880,0,436.55,13.916,0.002,3,34.475,0
0.17260111443032200,1.3320745461783100,8,3.1521907268570600,0,1764,42,3423.7,4733.011505373720,10081,0,273.1993006993010,10.715,0.002,2,30.686,0
0.20966529427067600,1.8521919775827600,8,2.5179126759616400,0,1764,42,3255.904761904760,4066.001170036630,7722,0,212.6346153846150,10.652,0.001,3,24.999,0
0.19453418160689900,1.2967410593315200,11,0,0,1764,42,3331.8333333333300,5369.295652649010,11986,0,245.95170454545500,13.9275,0,5,37.357,0
0.17670541405995100,1.037938494850510,4,0,0,1764,42,2581.4761904761900,3811.683412864890,8915,0,277.78977272727300,10.7985,0.001,1,28.293,0
0.16751212798356500,1.3376442966518200,10,1.314681011925250,0,1764,42,767.4736842105260,3240.5597204710000,14448,0,775.9666666666670,13.489,0.004,1,34.245,0
0.2026085725960940,1.2398710310575400,10,1.711786775419260,0,1764,42,7374.954545454550,9673.0897737311,20651,0,483.96666666666700,15.413500000000000,0.002,3,36.693,0
0.2289675107074800,1.5376613671173900,7,1.7885821042456500,0,1764,42,2601.4545454545500,3680.136061309700,7990,0,222.24358974359000,8.0045,0.002,2,23.184,0
0.25145721968237900,1.2603134472200800,9,2.0679514593414400,0,1764,42,3118.5833333333300,4224.020536533360,8632,0,183.515625,14.5585,0.002,7,32.834,0
0.13018965257448700,1.025418263157590,6,2.6322387863868400,85264,49,292.083892058429,392,412.9099175365010,12439,0,67.82352941176470,12.446,0,2,30.295,0
0.18989044838424300,1.4908991108161700,12,3.4712970023420400,85264,2916,296.95117443781900,678.375,589.7789707805800,20903,0,100.82352941176500,20.912,0,2,35.176,0
0.13549762622042800,1.0164774654722600,4,4.321701131320010,0,1764,42,3672.285714285710,5458.703309681640,11617,0,297.99074074074100,10.228,0.002,4,26.505,0
0.14052536762215100,1.451551297176400,9,1.9643447359198200,85264,2916,296.95117443781900,152.1818181818180,245.4516498145700,7173,0,70.26666666666670,7.176,0,1,29.513,0
0.16975859918533400,1.2524414878627700,6,0,85264,2916,296.95117443781900,174,223.13628122741500,10037,0,47.666666666666700,10.04,0,1,22.225,0
0.1467578759342250,1.4965478515766700,9,2.139073001203440,0,0.25,0.5,2979.5789473684200,4650.159004817270,9240,0.0005750903713440680,247.31,11.691000000000000,0.002,2,29.165,0
0.1694171036617350,1.1951647513657100,8,4.245360941768020,85264,2916,296.95117443781900,108.41666666666700,235.5311226191190,12947,0,95.8,12.947,0,1,28.668,0
0.2180231826135960,1.5420275900327500,10,1.8649286236209300,85264,2916,296.95117443781900,64.22222222222220,124.43541633918400,12187,0,37.30769230769230,12.188,0,0,25.42,0
0.168288144633352,1.853515758169340,14,0,0,1764,42,5622.636363636360,8849.610230479360,19428,0,383.66379310344800,15.398500000000000,0.001,5,36.782,0
0.17097036316579400,1.5063496761974800,11,0.10407588044835600,85264,1600,294.72699231661800,359.625,461.8216477981520,14659,0,105.76923076923100,14.661,0,0,34.055,0
0.16607849396809500,0.9866497074851070,5,0.7825074045520070,0,1764,42,3312,4587.642887492210,9591,0,328.0416666666670,12.1475,0.002,1,29.792,0
0.13530075485574900,1.328486514584440,6,1.7680911267168300,85264,702.25,293.2000170532060,346.8,443.02636490394100,11620,0,75.73333333333330,11.622,0,1,25.201,0
0.15711350312552300,1.1242054805766500,7,2.481908543235210,0,1764,42,2619.095238095240,4456.56125071853,10039,0,276.95,10.482500000000000,0.002,2,27.804,0
0.13046273710752500,1.111276893339360,6,3.0662156904218900,85264,2916,296.95117443781900,531.1818181818180,598.0048370406100,10952,0,88.78947368421050,10.952,0,3,24.898,0
0.1403921349574870,1.3520254732914800,6,4.656913607573700,85264,1600,294.72699231661800,231.11111111111100,329.6949581538950,12645,0,58.266666666666700,12.645,0,1,22.932,0
0.17395287817657800,1.3822321128715900,13,3.0320203438797300,0,1764,42,5758.15,9784.855457670290,21461,0,464.0333333333330,17.0945,0.002,3,43.168,0
0.19686951930177900,1.2772000907921900,4,0,0,529,23,2596.4285714285700,3877.5931117300100,8413,0,192.47222222222200,7.759,0.002,4,20.325,0
0.15934669572705700,1.301432517121030,12,2.57469913471661,85264,1600,294.72699231661800,124,201.40727119170500,24666,0,46.06666666666670,24.667,0,1,37.452,0
0.127340489889024,1.216355416744160,7,2.985948511220210,85264,2916,296.95117443781900,898.2857142857140,1043.1597212707300,16022,0,188.3846153846150,16.023,0,0,31.475,0
0.11422932918389500,1.328381902259770,12,1.4834203232502800,0,1296,36,3273.8,5555.637700570480,12843,0,320.28478260869600,12.164,0.001,1,35.54,0
0.18882097079676600,1.4576482815466900,12,0.8752131184271260,85264,1600,294.72699231661800,364,349.58301691341600,22367,0,116.3076923076920,22.369,0,0,36.888,0
0.1521709031183230,1.1800143847253100,7,3.8610526712460400,0,1764,42,2586.090909090910,4564.659849012860,10621,0,201.06724137931000,10.884,0.001,4,27.418,0
0.16067271361814800,1.5918537359364500,7,4.324980759552840,85264,552.25,292.9441072969380,98.25,190.43420779891400,6167,0,44.411764705882400,6.167,0,2,20.265,0
0.18248416069136300,1.897617369531280,9,2.609533811485390,0,1764,42,3085.4761904761900,5305.627799296820,12663,0,289.4611111111110,12.124500000000000,0.001,3,31.317,0
0.24530806185120600,1.4330808061796900,11,2.2753910414878600,85264,2916,296.95117443781900,432.1111111111110,614.3175878692000,19853,0,97.26666666666670,19.854,0,1,31.458,0
0.1882063512251900,1.5490838349249200,9,1.0433037084295800,0,1764,42,5377,8277.459387080190,18015,0,417.38,14.403,0.003,4,32.837,0
0.2725769474548490,1.3542861104577800,4,0,85264,2916,296.95117443781900,76.5,100.26257194653100,7319,0,42,7.32,0,3,16.013,0
0.1477696743840100,1.5619066047015000,11,1.7181059300759900,85264,1600,294.72699231661800,204.66666666666700,345.52287269521800,10424,0,63.64705882352940,10.424,0,2,28.997,0
0.12333406810850600,1.5224292744549500,11,4.301844328057780,0,1764,42,3415.2608695652200,5432.698930649250,12639,0,306.56006493506500,13.444000000000000,0.002,3,34.443,0
0.12395954555921200,1.2535885726143700,9,0.3944487245360110,85264,324,292.55426846997100,333.5,533.2059483289110,11313,0,139.15384615384600,11.315,0,0,30.103,0
0.19147376988154900,1.2677540693387200,6,2.821904712008730,0,1764,42,2700.85,4052.290799967350,8678,0,250.1818181818180,10.332,0.002,2,27.898,0
0.20050546419689000,1.1763740528736100,10,0,85264,1600,294.72699231661800,92.1,92.08088835366440,20410,0,48.11764705882350,20.411,0,2,36.704,0
0.18848838728764400,1.1470549279988600,10,3.077177282293380,0,1764,42,4578.260869565220,6803.495848314600,14967,0,323.2423076923080,18.514,0.001,4,41.907,0
0.1515671383542410,1.550850414965020,13,1.5336674407339000,85264,2916,296.95117443781900,176.33333333333300,206.98040701691800,17935,0,43.470588235294100,17.935,0,2,38.412,0
0.17799553997970300,1.3852701868134900,9,0,0,1764,42,2925.904761904760,4530.33624217013,9759,0,218.60314685314700,9.846,0.001,2,28.129,0
0.14443030515212100,1.1363460286309400,9,1.6560494275044600,85264,1600,294.72699231661800,275.2,413.84533342784000,11837,0,72.06666666666670,11.837,0,1,29.399,0
0.20348786890761700,1.5330753090528100,9,0,0,1764,42,3323.8636363636400,4718.8932956733,10729,0,238.90679824561400,8.785500000000000,0.002,5,22.631,0
0.14279663810838900,1.0258860654980700,4,2.870474786302520,85264,2916,296.95117443781900,76.28571428571430,109.12995436073200,5818,0,48.8,5.818,0,1,22.361,0
0.1485854126179410,1.110249848194810,6,1.9638427128658300,0,1764,42,3738.4545454545500,5323.400602547830,11436,0,293.2,10.2735,0.002,3,27.894,0
0.1338369859618420,1.5256905133710900,9,0,85264,1600,294.72699231661800,278,455.5122391330450,10309,0,92.6,10.309,0,1,28.397,0
0.11832187637141700,1.4152193763605800,8,2.1107702762748300,0,6.25,2.5,4257.047619047620,5987.104900782220,12501,0.0008788750399488660,342.3606060606060,12.956,0.001,2,34.955,0
0.15167909176243300,1.0954927556804900,9,2.809028008323930,85264,1600,294.72699231661800,266.8,403.688444224008,17791,0,83.46666666666670,17.793,0,1,35.331,0
0.1395203933377890,1.278535475073220,10,1.7640167771400500,0,1764,42,5948.4,9435.65670846497,20953,0,389.2,16.6695,0.002,6,41.159,0
0.160009755448822,1.3796632991077000,9,0.2801508064569590,85264,1600,294.72699231661800,337,464.1605325746690,10402,0,104.8,10.407,0,1,27.164,0
0.2077768692139760,0.9580209130377240,4,1.8188792805140800,0,1764,42,3298.809523809520,4504.684393775920,10253,0,263.03846153846200,8.922,0.002,3,26.204,0
0.19787897517473900,1.6802248544437000,12,0,85264,2916,296.95117443781900,230.2,335.74180555897400,19872,0,98.06666666666670,19.873,0,1,33.009,0
0.18765965300028500,1.6842900907796300,9,0,0,1764,42,3188.478260869570,4295.6015306819300,8815,0,246.10384615384600,9.313000000000000,0.001,4,25.493,0
0.17768499835749800,1.2479430614731000,5,1.9687576256715100,85264,1600,294.72699231661800,270.55555555555600,403.9959051253180,7961,0,69.33333333333330,7.971,0,1,19.811,0
0.18017622746615800,1.5929301272794000,8,2.3968474394886400,0,1764,42,3157.7619047619000,4678.693752429730,10480,0,282.7412587412590,10.090500000000000,0.002,2,29.804,0
0.15559286275136300,1.3252711253331400,12,3.1536152726514100,85264,2916,296.95117443781900,156.63636363636400,172.7895581479350,23600,0,94,23.602,0,2,38.591,0
0.20687576419740300,1.2615146096920600,5,0.6019946258685810,0,1764,42,2839.1,3811.292049948420,8618,0,246.29895104895100,9.419,0.002,2,23.785,0
0.14544924103839100,1.4754542493701300,7,3.247133812856830,85264,1600,294.72699231661800,21,26.43860813280460,13611,0,8.692307692307690,13.617,0,0,26.124,0
0.12616587520517500,1.4132920305700500,11,3.047490449483320,85264,1024,293.7481914837950,320.2,485.2887387937210,13350,0,101.26666666666700,13.355,0,1,30.827,0
0.2094758186619960,1.3116178883760200,9,0,0,1764,42,2947.4166666666700,5046.054241654780,11368,0,219.83076923076900,11.54,0,5,32.087,0
0.14008728903623400,0.9708681553857540,7,2.870642585101280,85264,1600,294.72699231661800,980.5,783.3272517494420,14421,0,195.92307692307700,14.424,0,0,31.554,0
0.16960104558147600,1.2003057930741400,9,1.1919205921072600,0,1764,42,10215.391304347800,12649.529634627400,24623,0,439.27297794117600,17.7575,0.002,8,40.07,0
0.1908246691900450,1.3771950477855100,13,2.82812126618974,85264,1600,294.72699231661800,322,426.1416040081830,23381,0,97.33333333333330,23.386,0,1,39.006,0
0.21052341809353000,1.3743247733840300,12,3.370734947718930,0,1764,42,4513.809523809520,5651.329650698290,11432,0,284.67083333333300,12.985,0.002,3,33.7,0
0.16462532605584800,0.9075874983413660,7,2.306408908002650,85264,2916,296.95117443781900,494.3636363636360,755.0439207847780,23793,0,107.38095238095200,23.792,0,4,39.127,0
0.14949031741315600,1.2402785793900400,7,3.6111677189524000,0,1764,42,3774.2272727272700,5366.217754974320,10916,0,254.51923076923100,9.445,0.002,3,26.156,0
0.1604965232474060,1.4157626641440600,10,1.0171272014354100,85264,2916,296.95117443781900,123.33333333333300,226.27760727821800,14669,0,45.30769230769230,14.671,0,0,31.299,0
0.15396337075765100,1.3872448688703200,12,3.830397512910160,0,1764,42,3532.318181818180,5586.115998098760,12601,0,294.32467532467500,13.0565,0.002,3,37.48,0
0.19767999176210900,1.6171982664390600,14,0,85264,1600,294.72699231661800,382.3333333333330,646.6831183474300,17036,0,87.23809523809520,17.039,0,4,38.304,0
0.20844547675270700,1.4402407474409200,6,3.5498645630903700,0,1764,42,2717.9523809523800,3659.3117942116200,7580,0,233.6217948717950,9.728,0.001,2,24.421,0
0.15182557351435400,1.3369926519248400,9,2.876383344274100,85264,1600,294.72699231661800,331.77777777777800,421.18715232536500,15363,0,73.13333333333330,15.366,0,1,30.31,0
0.1461061040332440,1.3498498512373400,12,0,0,1764,42,7090.263157894740,10276.540908107700,21565,0,570.0454545454550,15.931000000000000,0.002,0,42.523,0
0.20174188557169800,1.2180630242281700,9,1.6799715205253800,85264,1600,294.72699231661800,256.8181818181820,538.5618590589740,17934,0,128.26666666666700,17.937,0,1,29.975,0
0.2659118437291130,1.5605961271941900,6,0.7013613412360340,0,1764,42,2841.7272727272700,4073.307592583900,8713,0,203.98076923076900,8.2975,0.002,3,21.656,0
0.1402953768980560,1.0562194254922100,7,3.434580919269160,85264,702.25,293.2000170532060,614.625,539.7455274247300,8161,0,100.84615384615400,8.167,0,0,26.227,0
0.1510530163351720,0.8601859809647430,6,1.8320224773206600,0,1764,42,3402.8636363636400,4928.706148634420,10101,0,243.0474358974360,11.0795,0.002,4,32.644,0
0.16994876111361200,1.2401576740633000,12,2.4986823053252300,85264,2916,296.95117443781900,254.5,442.15579833357400,23924,0,79.88235294117650,23.929,0,2,39.053,0
0.2280117830706960,1.6841170864010200,13,3.2818424945146800,0,1764,42,5634,9007.139218924670,20078,0,409.3409090909090,14.809,0.001,3,36.725,0
0.16631028358268900,1.2278792566460900,9,1.1860621873734800,85264,1600,294.72699231661800,481.45454545454500,634.8363230194010,25310,0,124.70588235294100,25.314,0,2,38.019,0
0.15394293899932700,1.0370406522562700,7,1.9990821479191400,0,1764,42,3728.25,5333.095188302940,11809,0,295.0087412587410,9.9315,0.001,2,31.741,0
0.1559241950999500,1.2336005660959300,6,4.45670647283456,85264,2916,296.95117443781900,146.1,388.1753340953030,9606,0,95.6,9.61,0,1,25.04,0
0.1287369694639090,1.0342352304147700,6,2.4302101781540000,0,1089,33,4723.25,6280.316217158180,11784,0.01700017708517800,316.8269230769230,13.3245,0.002,3,31.694,0
0.14219233628723100,1.1204371868816400,5,2.4667317486747900,85264,2916,296.95117443781900,474.22222222222200,541.8980588384130,7526,0,90.73333333333330,7.532,0,1,25.606,0
0.1161209965103610,1.172841409633720,8,0,85264,1600,294.72699231661800,494.125,585.7579358190550,11271,0,148.76923076923100,11.274,0,0,31.906,0
0.16125594934902100,1.245556177558150,12,2.7709313011447900,0,1764,42,6957.565217391300,9452.875618727770,20592,0,390.18589743589700,16.5915,0.002,5,40.117,0
0.15520956273347700,1.4267009217815200,7,0.442555024939816,85264,1600,294.72699231661800,218.77777777777800,291.6233406973900,9850,0,49,9.853,0,2,24.412,0
0.17391551406929200,1.2178584030992200,10,2.8872754665907600,0,1764,42,6489,9755.655636603830,20996,0,433.8513986013990,13.8955,0.001,2,37.021,0
0.19521488656136900,1.4893394809101900,5,1.8667453195064400,85264,2916,296.95117443781900,131.83333333333300,255.5216342221450,9550,0,90.15789473684210,9.553,0,3,22.217,0
0.16336882483505600,1.5132641789841100,10,2.3542991154452800,0,1764,42,4931.818181818180,7025.541354983150,15031,0,348.86538461538500,13.948,0.002,3,34.101,0
0.14898816353652800,1.2662975213805900,6,2.3927565219120800,85264,1600,294.72699231661800,73.8,181.27426734095500,7465,0,44.666666666666700,7.469,0,1,25.539,0
0.10062174582043000,1.0188581141601300,6,1.7392321196142100,0,1764,42,4237.2,6330.761515015390,13998,0,341.56439393939400,13.61,0.001,1,32.327,0
0.15666891908571800,1.4780532797504900,10,2.5437301088787200,85264,1600,294.72699231661800,550.0909090909090,649.7580605041250,14987,0,95.17647058823530,14.992,0,2,30.964,0
0.19448127898748200,1.2802095451807000,7,0,0,1764,42,2514.095238095240,3791.4489114417100,8223,0,253.63484848484800,9.946,0.002,2,27.588,0
0.15607662990289400,0.9814906701157840,7,2.438505146249990,85264,2916,296.95117443781900,144,189.0472352161150,12933,0,38,12.935,0,0,31.046,0
0.12768802688765900,1.2072571839174100,8,2.1577194790203600,85264,1600,294.72699231661800,568.4285714285710,435.72398115676600,9327,0,104,9.328,0,0,29.538,0
0.1567894768602450,1.2952100129455300,10,3.5032389161234400,0,1764,42,5703.0952380952400,8590.142511732980,19611,0,425.7348484848490,15.9755,0.002,4,39.788,0
0.1855657721099780,1.1190380335442000,7,1.7279231066574500,85264,1600,294.72699231661800,328,525.3544258186780,21115,0,84.70588235294120,21.116,0,2,33.813,0
0.15197054742080100,1.2517874797975000,8,0.5113944499557310,0,1764,42,2732.2608695652200,4050.5527075073200,9408,0,239.26923076923100,10.52,0.002,3,28.829,0
0.14395594302308900,1.5113821507718700,6,1.086896391895150,85264,441,292.7541630788540,195.22222222222200,345.95946383540900,12230,0,63.733333333333300,12.23,0,1,23.258,0
0.19666988648637100,1.7751630788318100,16,1.4626695972482400,0,1764,42,6058.857142857140,9395.345652607610,20485,0,515.3958333333330,15.966,0.002,1,40.737,0
0.17202812191036300,1.3696395441078300,9,2.673534806111100,85264,2916,296.95117443781900,400.90909090909100,453.9416171001920,9633,0,65.3529411764706,9.632,0,2,29.245,0
0.12185279260355500,1.0750379875302700,8,3.117952281001070,85264,1600,294.72699231661800,613.5,676.2440387907310,12885,0,122.66666666666700,12.884,0,1,33.254,0
0.16767056640321400,1.1451579090013600,10,3.2732950946491500,0,1764,42,9750.6,11892.929258176900,23669,0,545.5875,17.1175,0.001,3,42.286,0
0.15399602549159800,1.340365911378090,11,3.300962743630660,85264,1600,294.72699231661800,143.54545454545500,208.7348747427810,24263,0,40,24.264,0,2,34.099,0
0.1397633718469260,1.1006309000991000,6,1.0543286658280900,0,1764,42,5326.285714285720,6435.567819273030,12805,0,315.4059523809520,11.879,0.002,5,28.076,0
0.1916383934951780,1.376532559795700,10,1.8438709761063600,85264,2916,296.95117443781900,440.3,674.137678816427,19687,0,112.86666666666700,19.687,0,1,29.978,0
0.19436143400606400,1.3999207217134900,12,2.4579325105595800,0,1764,42,7012.478260869570,10523.296622957300,22696,0,411.72596153846200,14.985500000000000,0.002,6,39.917,0
0.14043071869358400,1.2794448812607700,10,3.2099348173038000,85264,2916,296.95117443781900,142.54545454545500,310.3793466759270,14037,0,73.73333333333330,14.038,0,1,34.251,0
0.17228170625937400,1.4940145777833900,7,0,0,1764,42,4697,6673.661316221880,13804,0,343.9,11.7665,0.002,3,29.623,0
0.172422813040859,1.2047267937015900,11,2.3726722759768000,85264,2916,296.95117443781900,430.875,354.8483610994980,26038,0,63.46153846153850,26.039,0,0,45.069,0
0.15309208770086100,1.2763617946039600,6,3.5186087566558300,0,1764,42,4141.909090909090,6388.8962904336900,13942,0,294.2712121212120,11.2035,0.001,4,28.759,0
0.1493963303805560,1.1855891098730600,10,0.37650249133385900,85264,1600,294.72699231661800,75.72727272727270,195.34961242444300,12325,0,45.8,12.327,0,1,31.017,0
0.16052016717531200,1.2935112358476100,10,3.8472757754291000,0,1764,42,3179.1304347826100,4276.163277318950,10074,0,221.46719457013600,9.3865,0.002,5,30.226,0
0.16730835273898200,1.5189485715846100,11,3.838448119654480,85264,1600,294.72699231661800,222.11111111111100,294.08027794556900,13624,0,88.73333333333330,13.623,0,1,34.73,0
0.14652527618841300,1.4675246817353000,14,1.8107714009821800,0,1764,42,7796.190476190480,10884.695076854500,22395,0,512.8509615384620,17.401,0,2,42.87,0
0.15630650766693600,1.4607860832555700,8,1.1746150100515300,85264,2916,296.95117443781900,548.1111111111110,528.9191167832430,9667,0,96.58823529411770,9.669,0,2,26.115,0
0.14684332036469800,1.1046187904273900,5,1.6270539113887000,85264,2916,296.95117443781900,374.57142857142900,484.3053514771310,12856,0,134.84615384615400,12.856,0,0,22.141,0
0.17483541267202400,1.2160139848892500,12,3.0524297119947400,0,1764,42,5835.421052631580,8530.146042532050,18176,0,445.2727272727270,15.974500000000000,0.002,0,42.275,0
0.19551633458416600,1.4398421179727700,6,0,85264,1600,294.72699231661800,53.4,75.70099074648890,5945,0,14.866666666666700,5.945,0,1,20.371,0
0.19023412804049700,1.412629423299130,13,1.7675688025978200,0,1764,42,7247.272727272730,10506.071656565700,21766,0,516.5512820512820,16.898,0.001,2,43.112,0
0.23728992488422800,1.6060005941362400,11,3.2935298293564000,85264,2916,296.95117443781900,185.66666666666700,260.39414569285400,16773,0,46.92307692307690,16.773,0,0,30.333,0
0.16019946058949200,1.1869064666034300,7,3.7979156016243700,85264,1600,294.72699231661800,340.77777777777800,539.7538076192760,9434,0,106.86666666666700,9.438,0,1,26.228,0
0.21204259552396500,1.3965759925218300,11,3.1061414978180900,0,1764,42,5157.652173913040,8413.06469832174,19629,0,421.6121212121210,16.05,0.002,4,38.791,0
0.1479279802580390,1.2724642400084800,10,1.2901146856796000,0,1764,42,4582.857142857140,5481.000276154970,11011,0,314.7166666666670,11.412000000000000,0,3,32.471,0
0.1515393116427150,1.1107201299953600,11,2.035392512467980,85264,2916,296.95117443781900,626.5555555555560,772.3863614526250,22004,0,142.11764705882400,22.005,0,2,43.189,0
0.15193304808505800,1.5359139441153300,9,4.055962075461990,0,156.25,12.5,2332.5,3499.2702310624700,7323,0,176.61553030303000,9.829,0.002,1,29.702,0
0.12092470015683000,1.280173302618050,11,2.9787024885553500,85264,1024,293.7481914837950,313.6363636363640,575.7144609056370,11775,0,130.53333333333300,11.777,0,1,32.046,0
0.15280859738985400,1.1577493131608900,7,3.7102199120181800,85264,1600,294.72699231661800,111,196.23172243266100,14777,0,75.73333333333330,14.778,0,1,27.918,0
0.13712097590520600,1.000148639309220,6,2.0383620480427800,0,1764,42,4359.454545454550,5482.5622885594200,11751,0,276.44615384615400,11.27,0.001,5,33.383,0
0.1670914106858660,1.32908482798897,10,2.4119197893287100,85264,2916,296.95117443781900,551.1,605.2639837294140,22763,0,106.29411764705900,22.763,0,2,33.204,0
0.19322853021598600,1.3957665004857900,8,2.8984285446976700,0,1764,42,3149.904761904760,4890.2428209724500,10092,0,245.41666666666700,8.623,0.002,4,27.089,0
0.18268056487830900,1.5349642928677400,10,0.5053488211123210,85264,2916,296.95117443781900,37,54.68255497123210,16248,0,38.86666666666670,16.248,0,1,29.409,0
0.17500046298405300,1.3372735288000300,14,2.724389953474160,0,1764,42,5399.615384615390,8792.942196299010,18870,0,354.046875,17.0015,0.002,6,44.193,0
0.16639944986965900,1.6233204862109800,12,1.2407694601103300,85264,1600,294.72699231661800,521,586.0584829644100,23376,0,122.29411764705900,23.378,0,2,38.547,0
0.15843130315656800,1.0963881917137200,6,0,0,1764,42,4767.3,6422.212789218370,13367,0,359.9912587412590,12.889,0.001,1,30.414,0
0.20478470931219300,1.6137711090214100,10,1.8181858449933400,85264,2916,296.95117443781900,64.36363636363640,83.61304022619780,17665,0,20.058823529411800,17.665,0,2,27.336,0
0.14777656177543500,1.2416420273629000,10,0.7010479704521420,0,1764,42,3845.9545454545500,5548.263024482800,11141,0,271.9230769230770,11.823,0.002,3,33.415,0
0.11835083083328900,1.4063051541367400,8,4.647792348131490,85264,324,292.55426846997100,113.625,178.50135678756100,11836,0,38.76923076923080,11.835,0,0,27.899,0
0.14413830321377900,1.0117550775917100,5,3.108549064157700,85264,1600,294.72699231661800,26.428571428571400,26.805421321906100,8990,0,9.384615384615390,8.989,0,0,23.91,0
0.18155559273904500,1.6388979438208100,11,0.5927251336222100,0,1764,42,4386.409090909090,5638.795081310210,12128,0,280.1538461538460,11.685500000000000,0.001,5,30.033,0
0.22146221258031400,1.406430038215470,10,3.4109033582213800,0,1764,42,4973.428571428570,7619.97328811359,16111,0,367.1660839160840,14.1135,0.001,2,32.96,0
0.17955927093906900,1.4697866928253400,12,2.904972143669580,85264,1600,294.72699231661800,97,153.26447729333800,20195,0,42.06666666666670,20.196,0,1,40.851,0
0.1912726579216470,1.3271286962283400,10,2.324514441420070,0,1764,42,6402.85,8690.235498966640,17902,0,470.9230769230770,12.894500000000000,0.002,1,33.418,0
0.15568838284226800,1.1952051384221500,10,4.978010137375780,85264,1600,294.72699231661800,255.3,413.2444917963210,25381,0,72.13333333333330,25.381,0,1,37.689,0
0.21536016398503500,1.5211871209553500,8,0,85264,1600,294.72699231661800,385.4,335.73596768889700,9646,0,52.63157894736840,9.647,0,3,22.673,0
0.1385586159471030,1.1196200467615000,10,4.544520159328560,0,1764,42,3593.3333333333300,5640.01227905902,12087,0,299.92657342657300,11.593500000000000,0.001,2,33.647,0
0.15907678338453900,1.780662108181230,12,0.026305671439899900,85264,1600,294.72699231661800,535.2307692307690,824.1430191273430,12551,0,126.84210526315800,12.551,0,3,30.661,0
0.16289315990166600,0.9570779659448870,6,2.8625026441616900,0,1764,42,5376.727272727270,7574.250735112160,15504,0,343.4346153846150,13.496,0.002,5,34.236,0
0.15001461961483600,1.1390807894405600,5,1.1161695877398900,85264,2916,296.95117443781900,148,265.5461715611230,8386,0,43.31578947368420,8.387,0,3,21.532,0
0.15130812721446800,1.3115539289459300,6,2.965480083020500,0,1764,42,3882.7916666666700,5030.591639982710,9901,0,241.82509157509200,10.201,0.001,7,25.302,0
0.11028578554554200,1.1212110460958200,7,2.600212096097140,85264,144,292.24647132172500,305.9,420.3578118698400,8110,0,87.70588235294120,8.109,0,2,28.277,0
0.15930944469561700,1.2631258464012900,6,3.2471936728866500,85264,1600,294.72699231661800,202.88888888888900,374.75279094489400,8585,0,74.13333333333330,8.585,0,1,24.913,0
0.21660004412311300,1.324041718956310,10,2.4636682590324000,0,1764,42,5723.809523809520,8811.795696240930,18559,0,476.8087121212120,16.131500000000000,0.001,1,37.297,0
0.12006879635608200,1.259828943042850,7,3.5652897431426000,85264,121,292.2071183253410,385.8181818181820,381.7464218280410,7648,0,67,7.65,0,3,26.676,0
0.14361130006320700,1.1300752792812100,7,1.7341680087862100,0,1764,42,3345.7391304347800,5450.3667384976000,12503,0,247.45793269230800,11.758,0.001,6,31.651,0
0.100349671256054,1.1810830947152100,8,2.0571670294513400,85264,72.25,292.12368955632500,292.54545454545500,373.42818796958500,13291,0,72.47058823529410,13.291,0,2,32.35,0
0.1338459498805870,1.2463301529356300,9,1.7104453489336000,0,2070.25,45.5,3746.3333333333300,5780.859734489440,12571,0,299.0052447552450,13.8545,0.002,2,33.171,0
0.21321408921423800,1.2589337668024100,8,0,85264,1600,294.72699231661800,144.4,258.67207039029200,18639,0,47.8,18.64,0,1,33.419,0
0.1771485760810250,1.0971077189777100,6,0,0,2116,46,2520.4761904761900,3515.64268484844,6923,0,156.9423076923080,6.958,0.002,3,24.68,0
0.15949008841324800,1.2132084926491700,7,4.441685764045350,85264,1600,294.72699231661800,213.4,257.3236094881310,8498,0,46.15384615384620,8.499,0,0,26.849,0
0.14508399861082800,1.3118593174645600,8,1.5948010251861700,0,1764,42,4591,6322.924308381670,12565,0,333.64102564102600,10.8055,0.002,2,28.785,0
0.19259616455549200,1.205656669749640,5,2.5669116284836100,85264,1600,294.72699231661800,311.3,516.0405119755620,9846,0,121.46666666666700,9.847,0,1,21.985,0
0.16502898915054400,1.6199767249956500,13,3.679962366062680,0,1764,42,3837.318181818180,6019.327547661210,13169,0,292.4724025974030,12.303,0.001,3,33.785,0
0.19421251351447500,1.4623009210242100,10,0.7739697105177610,85264,1600,294.72699231661800,413.77777777777800,523.9969842529370,11706,0,93.70588235294120,11.707,0,2,26.703,0
0.17805796523131500,1.5860935718912400,9,1.6938868929449100,85264,1600,294.72699231661800,444.5,495.33448295066200,10249,0,101.76923076923100,10.25,0,0,26.262,0
0.16554302671973700,1.2345334987941200,8,1.6965685086465800,0,1764,42,3823.0454545454500,5021.321226686280,9832,0,229.67692307692300,12.1195,0.002,5,33.672,0
0.21976822301043300,1.4541007873908700,9,0,85264,2916,296.95117443781900,438.0833333333330,622.1187531778440,11803,0,93.6842105263158,11.803,0,3,26.715,0
0.17432844038308100,1.3572781421993300,12,2.8491216263470100,0,1764,42,8132.714285714290,12480.05541098370,27310,0,602.6206293706290,19.2335,0.002,2,43.143,0
0.19250597600159100,1.2959425509794400,6,2.833964240556890,85264,2916,296.95117443781900,150,220.97963707093000,11049,0,41.76923076923080,11.05,0,0,25.621,0
0.16437924927547700,0.9945418571375150,6,2.177209798930480,0,1764,42,4908.95652173913,7202.39321625721,15276,0,360.1662087912090,12.766000000000000,0.002,4,36.192,0
0.1682329628162680,1.7360756722840600,15,2.1511147200136000,85264,2916,296.95117443781900,101.625,166.08652677143900,22025,0,34.15384615384620,22.026,0,0,39.022,0
0.18121843305892800,1.2622219820900200,6,2.1586448963348000,0,1764,42,3041.181818181820,4354.193126759990,8564,0,222.6456043956040,10.554,0.001,4,30.053,0
0.1859384056175980,1.3806652394691400,13,0.5255741233674490,85264,1600,294.72699231661800,258.4,421.7454682625530,22314,0,112.13333333333300,22.315,0,1,40.771,0
0.223939572590274,1.6312953330824900,15,2.873311487507410,0,1764,42,4269.857142857140,6631.864079583360,14254,0,354.08522727272700,17.562000000000000,0.002,1,40.236,0
0.1831343796372680,1.6284931858222800,15,2.211565185571350,85264,2916,296.95117443781900,143.72727272727300,193.5059740252770,21903,0,51.470588235294100,21.904,0,2,39.999,0
0.18739633349665200,1.0669148999128500,6,2.9055788468079700,85264,2916,296.95117443781900,103.9090909090910,179.36780624559000,10374,0,68,10.375,0,1,27.418,0
0.12536631819395,1.3027986759272700,12,1.123844369812880,0,1764,42,5547,8643.938883898440,19269,0,483.2708333333330,15.36,0.001,1,41.581,0
0.1394723191709710,1.2989055610994500,13,1.9711125239374600,85264,2916,296.95117443781900,134.9090909090910,288.06705486600400,20254,0,64.58823529411770,20.254,0,2,38.408,0
0.16345204809125700,0.9909156991333560,5,2.167210601352030,0,1764,42,4589.9047619047600,7182.81422434173,15413,0,344.82692307692300,11.3915,0.001,3,28.928,0
0.15736523350352300,1.1960491431753000,7,1.8329435286749800,85264,2916,296.95117443781900,389.75,512.9088003729320,10854,0,88,10.854,0,1,27.146,0
0.12748008096372000,1.2844742774375600,10,0.038490028505659500,0,784,28,3609.6363636363600,5505.093480714470,12056,0,241.75710227272700,12.864,0.002,5,36.387,0
0.18009143399446400,1.3500031019961700,9,1.7314735151668000,85264,2916,296.95117443781900,1136.3,1122.1735204503800,12252,0,194.47368421052600,12.253,0,3,28.658,0
0.16285899064091000,1.427101104364840,12,0.977195626282068,0,1764,42,4141.478260869570,6677.002196830850,14712,0,322.5422077922080,14.1855,0.001,3,38.458,0
0.13520722193206500,1.2869589961399500,8,2.4104147417499400,85264,2916,296.95117443781900,428.3333333333330,678.0662045683870,12589,0,125.66666666666700,12.59,0,1,32.584,0
0.14508479925254700,1.0467038382968300,6,2.896748805087840,0,1764,42,3523.7619047619000,5451.73153712052,11956,0,321.9090909090910,11.292,0.002,1,33.515,0
0.1568616026311780,1.505955856684730,7,1.5755565371032500,85264,1600,294.72699231661800,367.90909090909100,516.3192202408150,9774,0,101.17647058823500,9.774,0,2,22.375,0
0.1399053056941970,1.3568100301515900,10,1.5617838149404300,85264,1600,294.72699231661800,379.09090909090900,446.9070382377600,15059,0,76.88235294117650,15.058,0,2,31.465,0
0.18753514881700000,1.168974078269040,9,1.3081474803734800,0,1764,42,6917.04347826087,10233.025705287100,22132,0,495.802036199095,15.6415,0.002,5,38.373,0
0.16514000335818700,1.5248680841210800,9,0,85264,2916,296.95117443781900,331.72727272727300,547.4396755324810,11196,0,154.2,11.196,0,1,28.937,0
0.11741499826188500,1.1484425464762300,9,3.1988459299711600,0,1764,42,4729.571428571430,5809.328643872460,12078,0,332.8833333333330,13.23,0.002,3,37.601,0
0.19290730597667000,1.4773982580212500,9,1.9899418306032000,0,1764,42,4121.04347826087,5597.355839091700,11933,0,238.75595238095200,11.547,0.002,5,27.574,0
0.19564506082249000,1.0693041324256100,7,3.0264789388501900,0,1764,42,6925.636363636360,8979.617923363260,18535,0,441.20512820512800,14.7235,0,4,34.928,0
0.11157292485653400,1.373624762314860,8,2.426402743163760,0,2550.25,50.5,4086.3809523809500,5629.708902871070,12273,0,248.12948717948700,11.1165,0.001,5,27.265,0
0.1505491751610360,1.3272906444359000,10,3.9752930184951200,0,1764,42,4173.285714285720,5735.837781983070,11929,0,281.1923076923080,10.668,0.002,3,31.341,0
0.17317826058690800,1.2348828643564600,6,0,0,1764,42,3592.25,5063.83233208802,10886,0,220.1349431818180,10.2815,0.001,5,25.459,0
0.13723146111049600,1.2091169167824100,6,0,0,324,18,1956.5833333333300,3323.656306397450,7808,0.01037463976945250,179.96666666666700,10.3735,0.002,6,28.353,0
0.12645322963524500,1.1256140661795300,6,1.7155889519285700,0,2070.25,45.5,3612.2272727272700,5706.067894091650,11520,0,287.4493006993010,12.9895,0.002,2,29.905,0
0.1204575216121170,1.3863275067257300,11,4.374798986857140,0,6.25,2.5,45219.681818181800,189069.3986886550,911407,0.0010570824524312900,30259.726923076900,461.721,0.003,4,933.204,0
0.17263214454897200,1.031708640779900,6,2.5241653750782600,0,6400,80,3633.1111111111100,4259.142022219040,10704,0,886.0378787878790,11.6985,0.002,0,31.795,0
0.17154788533081700,0.9342286344570600,4,3.708077269765260,0,6400,80,5337.7,5341.887382751530,11091,0,869.9743589743590,12.202,0.002,1,29.584,0
0.17869805089505300,1.382792505805440,12,2.1231495238918400,0,6400,80,7610.4,10811.472685994300,24652,0,1980.8012820512800,16.122,0.001,1,40.255,0
0.10976551889245900,2.0807224571807300,3,3.8470535620340900,0,0,0,0,0,0,0,,,0,0,8.813,0
0.13485553488339200,1.0811919137804600,8,3.6653871920161700,0,6320.25,79.5,3583.8571428571400,4574.320759212590,9932,0,778.7619047619050,11.163500000000000,0.002,5,29.848,0
0.16254994580452800,1.542512457822040,8,2.5278640450004200,0,1122.25,33.5,1274.8,2324.2633155475300,6097,0,507.78205128205100,8.074,0.002,1,24.499,0
0.11745824068679700,1.143919947221560,6,2.3430224124177100,0,6320.25,79.5,6435.25,6324.698031329240,12447,0,1014.6602564102600,11.649000000000000,0.003,1,30.178,0
0.13965485469371500,1.3327004250583700,12,2.0431508138917900,0,6400,80,3414.0833333333300,5722.599022855690,13864,0,1094.8076923076900,13.524000000000000,0.002,1,36.402,0
0.15335960954280900,1.0509569236399400,7,2.7606383735919900,0,6400,80,6631,6511.679442867770,13374,0,678.5115384615380,11.116,0.002,3,28.415,0
0.16267535824893400,1.369675608775330,13,2.4852069115397300,0,6400,80,9029,9834.265130993100,20514,0,1659.6923076923100,17.019,0.002,1,42.672,0
0.21004433154736600,1.4865760299053400,10,0,0,1764,42,2917.76,4949.915104564920,10986,0,343.07163742690100,9.799,0.003,3,30.815,0
0.17252343322868800,1.2216780614162300,6,0.7174517772983930,0,6400,80,3710,3997.7463373478000,9005,0,695.5378787878790,8.5105,0.002,0,24.306,0
0.17698454276687500,1.257809440987880,6,3.601732517632110,0,6400,80,1644.076923076920,3124.666713588170,8707,0,649.4649122807020,7.9275,0.002,4,24.673,0
0.2203606862860870,1.5969493892687100,7,3.286005210559250,0,6400,80,2551.8,3526.2079859248200,8462,0,627.9166666666670,10.404500000000000,0.002,2,25.289,0
0.20602333447671500,1.4990127912373600,18,0,75790.22222222220,4483.555555555560,283.3262744218720,7425.454545454550,11840.50750496810,18690,0,596.6401098901100,18.692500000000000,0.002,2,52.644,0
0.15431774814276500,1.3931034189131700,6,2.258336172387590,0,2756.25,52.5,3681.125,4062.4180126342200,8947,0,772.8333333333330,7.8225,0.002,0,24.933,0
0.13502294083553200,1.1383175935019000,8,1.4289943283127700,75790.22222222220,1216.888888888890,277.5015515472140,1846.4,3825.812846964680,9354,0,253.35119047619000,9.354500000000000,0.001,4,32.956,0
0.17619294824344100,1.551862421350860,11,0,0,6400,80,5744.083333333330,9691.37623919958,22559,0,1415.1083333333300,14.4975,0.002,3,34.427,0
0.17336605483046200,1.4208433373356300,11,0,75790.22222222220,4483.555555555560,283.3262744218720,2047.6363636363600,3468.3875287497500,8268,0,257.03653846153800,8.268,0.002,2,35.249,0
0.2394759219995070,1.178145076065850,8,1.2122683945209500,0,6400,80,3981,4865.814957435190,9480,0,626.2102272727270,9.0225,0.003,1,23.061,0
0.14890617271289400,1.4543482133816600,15,3.972217531272510,75790.22222222220,6176,286.29743663229400,7198.454545454550,9013.526661873120,14439,0,395.6228956228960,14.4385,0.001,4,47.621,0
0.18083854354980700,1.5914911907576600,12,0.4647861527217860,0,6400,80,6725.083333333330,7724.260379461730,16034,0,1011.5288461538500,14.7415,0.002,2,37.816,0
0.1785407956472840,1.2580138635411100,10,2.8172690391223000,75790.22222222220,4483.555555555560,283.3262744218720,2856.4347826087000,4164.63056272793,9992.5,0,245.40909090909100,9.991500000000000,0.002,4,33.431,0
0.18636180956733700,1.4700055139651200,7,4.045818606678910,0,6400,80,3623.090909090910,4505.104467652530,10744,0,831.0833333333330,8.17,0.002,1,23.673,0
0.21402303018641500,1.2954307029794100,9,0.9865765891480860,75790.22222222220,4483.555555555560,283.3262744218720,1887.5555555555600,3251.850861385150,7049,0,293.475,7.0490000000000000,0.001,3,33.283,0
0.23097568710443700,1.2044320902515000,9,0.24129709155428700,0,6400,80,6050.166666666670,8429.829988729840,18813,0,1502.8088235294100,12.523,0.003,3,31.065,0
0.17802792021327900,1.3083452602688400,17,1.6431293095041600,75790.22222222220,1155.5555555555600,277.3910196415480,2439.7368421052600,4463.14333227515,17237.5,0,389.22222222222200,17.2375,0.002,1,48.352,0
0.1739979962860600,1.1766176843595300,9,2.1344262080195900,0,6400,80,4723.5,6576.655222578320,13773,0,713.2038461538460,12.234,0.002,3,32.242,0
0.15891076038187500,1.2575939249461200,9,3.1226975715609900,75790.22222222220,6176,286.29743663229400,3191.315789473680,5916.739305186610,11305,0,418.075,11.305,0.001,2,40.425,0
0.12760370124785300,1.125709356204640,12,1.3552977853863100,0,484,22,5255.3,6372.121751033950,13804,0,1104.7115384615400,17.865,0.002,1,43.566,0
0.16339531187259800,1.1830933021779100,11,0,75790.22222222220,6176,286.29743663229400,3672.285714285710,5495.027277048790,11665,0,369.66666666666700,11.664000000000000,0.002,1,41.113,0
0.14945522208031700,1.1801101098381400,13,3.3928638311045200,0,6400,80,15954.375,11823.140149062600,26413,0,2110.060606060610,18.6805,0.003,0,46.019,0
0.16684462624099100,1.4940896992074900,15,0.8678712394114140,75790.22222222220,6176,286.29743663229400,6372.32,8033.6937094713800,14628,0,361.65204678362600,14.628,0.001,4,48.439,0
0.14295948392573800,1.535444420872790,7,0,0,2304,48,982.3636363636360,2183.312757037190,8218,0,675.95,9.688000000000000,0.002,2,24.674,0
0.15849377303946300,1.6306681558448500,10,2.7559070292939300,75790.22222222220,6176,286.29743663229400,2488.777777777780,4113.179069980830,7980,0,284.6788461538460,7.9795,0.002,1,29.41,0
0.18331287680657700,1.3879609740182000,13,2.693696557389620,0,6400,80,6501.3,9912.795953211180,21508,0,1346.1477272727300,17.749000000000000,0.003,1,42.699,0
0.12321021288659100,0.9620459989090760,8,2.504942908133570,75790.22222222220,4483.555555555560,283.3262744218720,4175.583333333330,6214.191747636120,12971,0,269.93390804597700,12.970000000000000,0.002,5,40.605,0
0.20972263437217300,1.3844449180779200,13,0,0,6400,80,9235.75,10726.910654400900,21698,0,1348.2596153846200,16.806,0.002,2,41.448,0
0.1456976085420180,1.3646087171888600,14,2.4019097636599600,75790.22222222220,4483.555555555560,283.3262744218720,2873.1428571428600,4870.222311203490,11915.5,0,380.0416666666670,11.915,0.002,1,42.713,0
0.1887988141731910,1.2696721300136200,5,0,0,6400,80,6329.818181818180,5778.085320150800,11674,0,717.1105769230770,9.1455,0.002,2,22.984,0
0.20056926948119600,1.3391547311785100,9,1.0328008692678900,75790.22222222220,6176,286.29743663229400,2998.8,4851.638106866590,9787.5,0,260.0574712643680,9.788,0.001,4,31.986,0
0.1614178668978840,1.085202531820810,9,2.670833126835110,0,6400,80,7301.1,10691.453029873900,23924,0,1985.9679487179500,16.374,0.002,1,42.287,0
0.22804297692228700,1.508055622859060,14,3.9758040909596100,75790.22222222220,6176,286.29743663229400,9790.375,11439.527677503800,16062.5,0,421.5025641025640,16.0625,0.001,5,45.64,0
0.16270054284485200,1.0707807046997900,5,0.36963065149107200,0,6400,80,5188.818181818180,4730.559063985060,9264,0,634.2403846153850,9.5745,0.002,2,24.893,0
0.18527467670901200,1.2922151078126200,6,1.4139508682945900,75790.22222222220,3549.555555555560,281.6731754672030,80.7,249.91900688022900,7383.5,0,274.45833333333300,7.3835,0.001,1,25.362,0
0.1927170550404290,1.1305676016159000,10,2.66954917217015,0,6400,80,1441.5714285714300,3333.3017889663900,9566,0,819.5735294117650,17.631,0.001,3,38.875,0
0.1718990044977390,1.36766861152339,16,1.8651943645851800,75790.22222222220,6176,286.29743663229400,1748.9333333333300,6259.699199020850,18121.5,0,1065.7083333333300,18.121000000000000,0.002,1,48.244,0
0.1904717988417680,1.077980054691370,4,0,0,1332.25,36.5,4216.6,3998.6018856595400,8443,0,522.4458333333330,7.6165,0.002,3,20.461,0
0.2229603601239860,1.6161212186338400,16,1.7550708634017200,75790.22222222220,4483.555555555560,283.3262744218720,3589.32,5015.724543632760,15253.5,0,208.875,15.252500000000000,0.002,5,43.217,0
0.17235217466918800,1.239006924440550,7,1.250235272709110,0,6400,80,3478.7,3762.850915197150,9216,0,641.2307692307690,10.308,0.002,1,31.594,0
0.13792684546677900,1.0836393538078500,8,3.5395534671838800,75790.22222222220,4483.555555555560,283.3262744218720,3858.9285714285700,5143.795408954720,10914.5,0,205.66060606060600,10.915,0.002,5,37.215,0
0.16413043349194400,1.3676267549315200,11,0,0,6400,80,2174.3333333333300,4306.093828001840,12083,0,978.15,11.7485,0.002,2,30.14,0
0.15003842024557500,0.9792278106107930,5,1.1179213915689600,0,6400,80,4863.2,5946.065166141390,11696,0,767.4230769230770,9.630000000000000,0.002,2,28.082,0
0.18570212078551100,1.337640388718790,15,3.569579388893660,75790.22222222220,4483.555555555560,283.3262744218720,3796.2916666666700,4678.83044039112,13300,0,251.90155945419100,13.3,0.002,1,47.274,0
0.17188448200012200,1.0474995047218,9,1.5772857841115700,0,6400,80,6472.9,9468.629673294860,20736,0,1768.429487179490,15.790500000000000,0.002,1,38.991,0
0.15750196988719100,1.422748525159080,10,0,75790.22222222220,2971.555555555560,280.64528818025400,3996.1304347826100,5542.703102155030,12426,0,303.34065934065900,12.426000000000000,0.002,4,34.819,0
0.2103083640758040,1.4714071812540000,7,2.2605523166894500,75790.22222222220,6176,286.29743663229400,1179.75,2387.4171373055000,6931,0,201.5952380952380,6.930500000000000,0.002,2,24.238,0
0.15759072770716000,1.4177928874031100,8,4.451946032425410,0,6400,80,4833.363636363640,6294.389453715220,13232,0,1123.4615384615400,10.174,0.002,1,28.21,0
0.18657707085876900,1.281645300066430,13,1.6583838584326300,75790.22222222220,4483.555555555560,283.3262744218720,2170.1739130434800,5938.873203417970,14039,0,399.93928571428600,14.038500000000000,0.002,2,44.185,0
0.24354169870754000,1.4579542787881200,10,2.5303892240658300,0,6400,80,6084.909090909090,7929.203519035250,17326,0,1425.570512820510,14.8745,0.003,1,33.5,0
0.16871873543049600,1.0646941076191300,9,2.071247148180990,75790.22222222220,4483.555555555560,283.3262744218720,2936.5833333333300,4768.795680573400,9388.5,0,208.2941176470590,9.3875,0.002,6,35.224,0
0.18271798493721100,1.4131845486453800,10,3.008159122426900,0,6400,80,5669,7020.444945355620,14440,0,917.9903846153850,10.291500000000000,0.002,2,33.513,0
0.1888545656288070,1.2579692320144000,9,1.579618228298290,75790.22222222220,6176,286.29743663229400,1981.1739130434800,3606.2969644555400,8107,0,237.8695652173910,8.1055,0.001,5,32.635,0
0.13846660856835400,1.28723500628853,8,2.9159665546847000,0,5112.25,71.5,4329,5774.094449719860,11604,0,514.1217948717950,12.431,0.002,4,33.298,0
0.14523082104580500,1.0054298357298300,8,3.6147421229856300,75790.22222222220,4483.555555555560,283.3262744218720,2663.05,3851.153937133650,7688.5,0,204.9659090909090,7.6885000000000000,0.002,2,36.209,0
0.166910109551396,1.1316639597150200,6,3.391629524677170,0,6400,80,5461.142857142860,4445.180967827370,8638,0,797.3106060606060,8.333,0.002,0,27.407,0
0.23527063776401200,1.606359472061240,15,4.030536538588610,75790.22222222220,6176,286.29743663229400,2863.56,7220.078980620640,15916.5,0,389.8806451612900,15.916,0.002,3,42.437,0
0.13865193982944700,1.4067895424570300,10,3.7917290053615500,0,6400,80,5585.916666666670,6568.923344789630,13061,0,830.9083333333330,9.903500000000000,0.002,3,31.739,0
0.13677188136955000,1.210774768802740,8,2.1449224435310800,0,6400,80,9859.142857142860,6087.500036458120,13878,0,1093.6666666666700,12.8045,0.003,0,31.864,0
0.1594979852746890,1.1837848066162700,11,1.6949055617106300,75790.22222222220,6176,286.29743663229400,1402.65,4007.4514129930500,12016.5,0,415.5424836601310,12.0165,0.002,2,42.215,0
0.17070357852089100,1.3552524013921100,10,1.9997858710591500,75790.22222222220,4483.555555555560,283.3262744218720,901.2142857142860,2058.6166013185900,7971.5,0,197.91176470588200,7.971,0.002,2,31.572,0
0.15194790976776000,1.0698363118165900,6,2.650454106191210,0,6400,80,5801.2,5631.592684134750,11847,0,948.3205128205130,12.111,0.002,1,32.005,0
0.16831548643012500,1.369879187212380,8,2.3827511458875900,0,6400,80,4056.909090909090,5078.4013134870000,10749,0,681.2443181818180,9.8295,0.003,1,30.147,0
0.19006313030732600,1.4098961251862000,15,3.178795387379070,75790.22222222220,6176,286.29743663229400,2306.782608695650,6748.168897892240,16120,0,491.15555555555600,16.120000000000000,0.002,2,48.234,0
0.1838555510007430,1.8708652012703500,15,3.9398913369253000,0,6400,80,8563.888888888890,9460.600256319710,19278,0,1590.0227272727300,15.049,0.002,0,38.016,0
0.17179922026731600,1.0276783236039200,10,2.381576970176190,75790.22222222220,4483.555555555560,283.3262744218720,3080.6315789473700,4996.455682839760,11534.5,0,487.7916666666670,11.5335,0.002,2,41.879,0
0.13822008156126900,1.4243573175401200,9,4.050947315020410,75790.22222222220,4483.555555555560,283.3262744218720,3827.4615384615400,3791.21544576578,11163.5,0,214.47745571658600,11.163500000000000,0.002,4,35.483,0
0.17786440054200200,1.4958988927107600,11,3.2206567461183200,0,6400,80,7079.25,9103.654015696120,18880,0,1572.8787878787900,14.338,0.002,0,38.714,0
0.14261822315136700,1.662336499934380,12,1.1117514149121100,75790.22222222220,1155.5555555555600,277.3910196415480,1373.2222222222200,3166.2820916574400,9176.5,0,325.0869565217390,9.1765,0.002,1,33.195,0
0.19221903480594500,1.370031375654490,12,1.6734658477711300,0,6400,80,4045.625,5216.705112844220,10778,0,898.2045454545460,14.701,0.002,0,38.394,0
0.1660039280320730,1.3494822403931200,9,4.935129987857720,75790.22222222220,6176,286.29743663229400,2643.809523809520,4557.748824219170,11334.5,0,459.78809523809500,11.3335,0.002,4,33.108,0
0.159397009991257,1.2053863232526200,6,1.513778920208400,0,6400,80,6712,4743.226468695470,9664,0,844.3939393939390,9.9435,0.002,0,25.169,0
0.15721212055301700,1.3697331852419300,15,1.5876768170976100,75790.22222222220,6176,286.29743663229400,7030.692307692310,8900.767878582300,14491,0,816.55,14.4905,0.002,1,47.358,0
0.1907710433555070,1.6945824939253800,17,2.2096911761907300,0,6400,80,4765.111111111110,8419.193804693400,21007,0,1742.4848484848500,15.1255,0.002,0,39.43,0
0.1658084133733760,1.192136814266730,13,4.834999834365690,75790.22222222220,6176,286.29743663229400,7246.076923076920,9818.269026992000,15003.5,0,432.40125,15.002500000000000,0.002,2,44.07,0
0.14964750426999100,1.0044083837635400,7,1.9926045452226100,0,6400,80,5857.714285714290,6722.179838081560,13688,0,858.9958333333330,11.0155,0.002,3,32.529,0
0.20366018039618200,1.1263939066193600,6,1.8713632858663200,0,6400,80,2699,4163.7866865905300,9104,0,407.8974358974360,7.762500000000000,0.002,4,25.241,0
0.17925368396703200,1.4440634944077900,15,1.4444225371954500,75790.22222222220,4483.555555555560,283.3262744218720,5208.478260869570,9747.761865164850,16428,0,645.1578947368420,16.4285,0.001,4,48.919,0
0.2122862889704400,1.119698102981910,7,2.378223260512780,0,6400,80,3253.5,4242.89819384502,9762,0,757.2333333333330,10.2195,0.002,2,25.915,0
0.2065186511311530,1.6204620285632500,16,4.470587491513260,75790.22222222220,4483.555555555560,283.3262744218720,9424.8,10059.840359568300,14640.5,0,613.2380952380950,14.6405,0.002,2,41.547,0
0.2163070057593850,1.0696595724217100,6,4.569123517412630,0,6400,80,5201,4816.3408781507,10866,0,843.1166666666670,8.5885,0.002,2,25.687,0
0.11566932484469200,1.124302013251750,8,2.668582113186240,75790.22222222220,1644.6666666666700,278.2712505611910,3191.681818181820,5024.251309094930,11436,0,340.07748538011700,11.436500000000000,0.002,1,37.84,0
0.21732351963787800,1.6136630304468400,8,0,0,6400,80,473.9166666666670,609.4219198460860,10479,0,864.1923076923080,8.124,0.002,1,24.067,0
0.16677572358165100,1.3443707067369600,7,0.6835626862501110,0,6400,80,4417.75,7217.21473428866,17017,0,887.7,11.7435,0.002,4,28.44,0
0.17247545425758800,0.9788564483682440,13,2.292399776674510,75790.22222222220,6176,286.29743663229400,7725.95,11456.555919974400,17721,0,491.48677248677200,17.72,0.002,4,53.314,0
0.19629991385068400,1.356571205924130,6,2.4804271501995800,0,6400,80,2828.75,3621.1717285293200,6664,0,636.7424242424240,8.0025,0.001,0,20.9,0
0.15151990202455400,1.0997635476884200,8,2.7822852284527900,75790.22222222220,4483.555555555560,283.3262744218720,4836.866666666670,7109.489581928900,12735,0,304.88980509745100,12.735,0.002,6,35.003,0
0.17252110791848500,1.397784727390010,8,0.4977256879295740,0,6400,80,3871.4545454545500,5571.780299193370,13405,0,1074.525641025640,11.3355,0.002,1,32.556,0
0.18931048293313500,1.5319908664321700,15,1.993507873465670,75790.22222222220,6176,286.29743663229400,1850.6,5284.19596911394,13857,0,468.0238095238100,13.856000000000000,0.002,3,40.971,0
0.1410263342463940,1.2938803393466100,9,2.5869090867310800,0,6400,80,5128,6038.779305455700,12047,0,806.9807692307690,11.5825,0.003,2,33.64,0
0.14361857091953400,1.356293651357040,12,0,75790.22222222220,6176,286.29743663229400,1912.68,3592.631299980560,10508,0,221.34259259259300,10.5075,0.001,4,36.303,0
0.14051412871939000,1.5216408454031000,11,2.0043973955317400,0,6400,80,6437.1,6289.728729444540,13506,0,1122.647435897440,13.810500000000000,0.003,1,34.307,0
0.17587562711698200,1.7022191367414600,12,2.8087775510412500,75790.22222222220,6176,286.29743663229400,2530.285714285710,3903.621470510940,8420.5,0,266.11764705882400,8.4205,0.001,1,30.73,0
0.2013681956626730,1.103332391459100,6,1,0,6400,80,3004.4,4660.192410906080,10649,0,515.7264705882350,8.852,0.001,5,28.584,0
0.18340547929737900,1.5807594639510300,14,4.793978904435880,75790.22222222220,5994,285.97940873815100,3839.6190476190500,5495.443640622310,14392,0,261.1851851851850,14.392,0.001,4,44.897,0
0.12658331233033900,1.0454747018270100,9,2.319258280555610,0,6400,80,3599.230769230770,5762.037141816130,14405,0,1083.9649122807000,14.098000000000000,0.002,4,34.339,0
0.2179912738800230,1.4094127460028500,11,1.1755594553009300,75790.22222222220,4483.555555555560,283.3262744218720,2847.703703703700,4023.865985313630,10180,0,242.24239130434800,10.179,0.001,4,38.323,0
0.18007847665229400,1.395211102024040,12,1.100680547101970,0,6400,80,7237.846153846150,10423.30306311590,23150,0,1899.9117647058800,17.546,0.002,3,41.103,0
0.14875050273904200,1.4481770892453200,11,1.8819585476594100,75790.22222222220,6176,286.29743663229400,4220.833333333330,5534.199372487810,9631.5,0,290.37916666666700,9.631,0.003,2,35.031,0
0.18367565597164100,1.5132255578812400,11,3.4813332863285500,0,6400,80,3947,8151.308606598080,21080,0,1348.9772727272700,14.412000000000000,0.002,1,37.729,0
0.20740733888123200,1.4461925954391000,15,0,75790.22222222220,6176,286.29743663229400,4462.476190476190,8296.702234244570,16209.5,0,491.0833333333330,16.208,0.002,2,44.594,0
0.14868777233182800,1.2273874168785800,10,2.313209021552390,0,6400,80,4588.363636363640,7480.395945679100,16658,0,1062.903409090910,11.5595,0.002,1,33.542,0
0.12874379450117300,1.2138263218044400,11,4.210866008214100,75790.22222222220,6176,286.29743663229400,1182.076923076920,3471.657218136130,10738.5,0,361.81029411764700,10.739,0.001,5,39.093,0
0.1680834223263870,1.1972990144719800,6,0.34105322114108800,0,6400,80,3281.25,5497.0459661682500,12917,0,679.2545454545460,9.6205,0.002,2,25.529,0
0.17648361308121400,1.2946945843083600,14,3.4757277228674800,75790.22222222220,4483.555555555560,283.3262744218720,7322.8,11220.447531181600,18015.5,0,500.08035714285700,18.0155,0,4,46.782,0
0.19110948019894500,1.6355509517909300,9,3.8954293566390100,0,6400,80,2686.181818181820,4381.077053506400,9934,0,614.1988636363640,9.401500000000000,0.002,1,27.543,0
0.17663352789728200,1.6795323976896800,15,4.467607017963670,75790.22222222220,6176,286.29743663229400,1955.5714285714300,4521.937570085980,11804,0,370.975,11.803,0.003,1,39.388,0
0.2037531573762750,1.1343934044545000,5,0,0,6400,80,1953.5,4479.565424553720,12899,0,773.6029411764710,10.7785,0.002,4,26.147,0
0.16334084272518400,1.9010245605261600,15,2.68087139300059,75790.22222222220,6176,286.29743663229400,2848.3333333333300,5686.427204805800,11198.5,0,448.0352941176470,11.199,0.001,1,34.487,0
0.18201532097617900,1.2037925130122600,8,0.7163505545409100,0,6400,80,9873.583333333330,9745.334904954380,19980,0,1213.7416666666700,13.050500000000000,0.002,3,32.224,0
0.16747392032779200,1.044206270996020,6,3.336311021543410,75790.22222222220,4483.555555555560,283.3262744218720,2137.85,3482.07016406907,7323.5,0,244.85416666666700,7.324,0.002,1,29.389,0
0.19710184610814000,1.789766250179760,12,2.319842058296160,0,6400,80,6186,8669.236731108450,18578,0,1544.4038461538500,12.7855,0.002,1,31.658,0
0.14987238438608800,1.397800793601190,13,2.5570028073116500,75790.22222222220,4483.555555555560,283.3262744218720,1788.2105263157900,4402.495232418560,11322.5,0,402.0625,11.3215,0.002,3,42.691,0
0.1677015077458600,1.1490278006064100,8,2.738650348718270,0,6400,80,4179.777777777780,5687.833033527260,12317,0,1070.530303030300,10.165,0.002,0,31.259,0
0.1743194840846130,1.1143003942233800,8,0,75790.22222222220,6176,286.29743663229400,4850.518518518520,6165.884499166720,12695,0,270.36866359447000,12.6945,0.001,6,35.247,0
0.20427737947103300,1.3066861298283400,12,1.4064203713188500,0,6400,80,9918.307692307690,12301.750722088400,25321,0,1298.1384615384600,16.385,0.002,3,43.088,0
0.17255197065867500,1.3910997625386400,12,2.909615134800450,75790.22222222220,4483.555555555560,283.3262744218720,3340.1739130434800,4887.188955094510,9655.5,0,344.52485380117000,9.6545,0.002,4,36.921,0
0.21598987280244600,1.2243568167816600,8,4.751366810982750,0,6400,80,9489.727272727270,8554.07497885082,17262,0,1098.2932692307700,14.298,0.003,2,33.523,0
0.20618617322960600,1.3787969387515800,15,1.7820003038427400,75790.22222222220,6176,286.29743663229400,3587.521739130440,6492.098956287020,16788,0,353.17063492063500,16.788,0.002,5,47.37,0
0.17203519798819600,1.195392996479300,8,2.234921670888330,0,6400,80,2561.3333333333300,4802.235526872410,12319,0,702.0045454545460,12.935500000000000,0.002,2,31.565,0
0.13924694599086600,1.0900514268059700,9,2.0811736315519800,75790.22222222220,4483.555555555560,283.3262744218720,5199.565217391300,6220.716153558040,11049.5,0,308.2894736842110,11.049,0.002,3,39.048,0
0.12941802197816000,1.098246322319270,9,0.22748347215174600,0,6400,80,4274.636363636360,5434.226001134380,12122,0,929.8910256410260,11.427,0.002,1,34.225,0
0.1696051433065510,1.1860394286654200,11,0,75790.22222222220,6176,286.29743663229400,1301.3333333333300,3166.0281461513000,10606,0,266.9833333333330,10.6055,0.002,1,36.859,0
0.1766489905236230,1.3290873621979400,12,0,0,6400,80,8080.333333333330,11245.290253652400,24178,0,1494.576923076920,16.017500000000000,0.002,2,40.587,0
0.13446874422016500,1.2434500109384000,10,2.040456566128560,75790.22222222220,4483.555555555560,283.3262744218720,2971.964285714290,4331.84413453062,11009.5,0,267.213768115942,11.008,0.003,5,40.611,0
0.13935434635058000,0.9335793236548440,4,2.6424652225404100,0,6400,80,4523.363636363640,5687.701009798200,13496,0,1021.15,10.6105,0.002,2,28.959,0
0.1673926384807810,1.5903584033827900,17,4.872149966315700,75790.22222222220,4483.555555555560,283.3262744218720,112.4,212.64839524435600,15199.5,0,818.2922077922080,15.1985,0.003,1,44.855,0
0.22657071603139600,1.1140449056477100,6,2.5742864352545300,0,6400,80,3857.6666666666700,5421.086704301600,11734,0,868.9117647058820,11.446,0.002,3,28.266,0
0.1793289523425170,1.699377463837530,10,0.9218573065076900,0,6400,80,1788.25,3682.206089764670,9749,0,631.3181818181820,9.500500000000000,0.002,1,28.953,0
0.16813541438003100,1.6591973393054400,14,2.6333268366812700,75790.22222222220,4483.555555555560,283.3262744218720,6123.275862068970,9572.928777139000,15589.5,0,388.3410138248850,15.5885,0.002,6,45.347,0
0.19913513893517100,1.585300368528560,13,1.9156478117325400,0,6400,80,3070.8333333333300,6659.323136692560,18154,0,1149.423076923080,12.454,0.003,2,35.376,0
0.17656029772796600,1.4721478479916700,15,3.3107815876872200,75790.22222222220,4483.555555555560,283.3262744218720,1622.7916666666700,3191.4772047225900,14086,0,316.576726342711,14.0855,0.002,3,42.038,0
0.1726666172420570,1.339086033140230,11,3.595830298560020,0,6400,80,2455.3,6734.060469731470,22106,0,1399.7329545454500,16.722,0.002,1,38.878,0
0.16765384150607000,1.5098153625107800,15,1.6820951610467100,75790.22222222220,6176,286.29743663229400,5551.9,6678.792360150150,14561.5,0,321.2912087912090,14.5615,0,4,48.562,0
0.14119265646092900,1.1094612803888700,9,2.053089371864030,0,6400,80,7704.8,7492.172699557850,15618,0,961.5480769230770,12.3695,0.002,2,36.664,0
0.17157039540793300,1.5504351850165900,14,0.592253242426775,75790.22222222220,4483.555555555560,283.3262744218720,3794.35,7337.138776628120,13843.5,0,424.1557971014490,13.843,0.002,2,41.804,0
0.19355837266331400,1.3845209594479700,6,4.98100614488024,0,6400,80,2546.7272727272700,3747.493879937000,8971,0,528.2932692307690,9.290500000000000,0.002,2,22.694,0
0.17222833431461100,1.1375128637693800,8,1.8398796029993600,75790.22222222220,6176,286.29743663229400,3612.2608695652200,6552.0814297734300,12302,0,696.2010869565220,12.302,0.002,2,34.498,0
0.15722099561269500,1.0069595579090700,8,3.8233321198576900,0,6400,80,4351.454545454550,5386.746317054250,11832,0,706.1764705882350,12.005,0.002,4,30.866,0
0.11147226416143300,1.0496318691386000,9,3.2305617389884000,75790.22222222220,1104.2222222222200,277.2984753734580,2046.1333333333300,3202.3412240977000,10249,0,309.6791666666670,10.248,0.001,2,42.162,0
0.16196624057096100,1.1819413881411900,7,2.4985498712059400,0,6400,80,2180.5,4228.240869439680,10686,0,873.5530303030300,8.345000000000000,0.002,0,27.632,0
0.18012925846967300,1.2302243991611000,12,2.132968803834000,75790.22222222220,6176,286.29743663229400,4746.458333333330,8014.611806876900,15273,0,641.6454545454550,15.271,0.003,4,44.682,0
0.15295911201706800,1.3287793073298200,9,3.474338162170900,0,6400,80,6560.3,6552.0887059013500,13294,0,1082.9743589743600,10.2795,0.001,1,30.061,0
0.19430035703401500,1.2442142910408100,8,4.902830586024650,75790.22222222220,6176,286.29743663229400,3472.3636363636400,5596.473788714520,11796.5,0,385.2107142857140,11.796,0.002,1,33.274,0
0.1747710001021770,1.3254657909021600,8,3.0925719793141500,0,6400,80,3784.714285714290,5425.248531878800,14070,0,1006.5043859649100,10.075,0.002,4,30.07,0
0.14210418480089400,1.2197239144483800,8,2.869470119084720,75790.22222222220,6176,286.29743663229400,2376.190476190480,3185.3257831297600,9419,0,210.38833333333300,9.4185,0.002,1,36.704,0
0.20310414913111200,1.2360559797541100,9,0.21435686044289500,0,6400,80,7799.636363636360,10285.802529990100,21418,0,1361.3317307692300,15.4125,0.002,2,38.151,0
0.17524825863079500,1.206601986663530,9,4.446484432524530,75790.22222222220,6176,286.29743663229400,2436.222222222220,3300.7421649541400,6974.5,0,166.66,6.9745,0.001,4,31.997,0
0.15047144489897500,1.2596812346179700,7,2.142625543940570,0,6400,80,5249.333333333330,5121.225309109790,10752,0,680.0511363636360,8.392,0.002,1,27.547,0
0.13671149257305200,1.3439976058900500,11,1.8034531598048600,75790.22222222220,6176,286.29743663229400,2229.7391304347800,4167.847272689920,9376,0,391.74117647058800,9.375500000000000,0.002,2,34.742,0
0.16287472089373600,1.0982868342991600,6,1.0518509522109100,0,6400,80,3155.818181818180,3223.8235294073300,7101,0,598.5,8.783,0.002,2,27.875,0
0.17447326275297800,1.3252711243730900,15,1.2433370146744200,75790.22222222220,4483.555555555560,283.3262744218720,4222,8562.39653256916,17000.5,0,786.7214285714290,16.999,0.002,3,47.776,0
0.18375544690583300,1.0978299788727400,6,3.449508931097960,0,6400,80,4579.125,4231.351747299560,9023,0,760.2045454545460,11.4585,0.002,0,26.563,0
0.15808100940766700,1.1045179246871400,10,1.3422615431733100,75790.22222222220,6176,286.29743663229400,1391.3,3763.7816102956900,10901.5,0,312.66161616161600,10.901,0.002,2,36.978,0
0.15716522378659800,1.3026043319683200,6,2.421715435335980,0,6400,80,3377.8333333333300,4774.39601473899,10761,0,887.3974358974360,11.967000000000000,0.002,1,29.683,0
0.16950994221619000,1.5186350610925900,11,2.4802832578382800,75790.22222222220,4483.555555555560,283.3262744218720,1251.1,2561.926480209770,8541,0,186.92045454545500,8.5405,0.002,2,34.761,0
0.18463296323830400,1.1553275861257700,7,0,0,6400,80,6417.222222222220,6938.2835177614,15106,0,1190.598484848490,10.922,0.003,0,28.748,0
0.20808774454523900,1.1689660594211600,10,2.945951380747710,75790.22222222220,6176,286.29743663229400,3413.5882352941200,5840.8086674084200,9988,0,510.3888888888890,9.988,0.001,3,33.65,0
0.20828317751649000,1.670224610862960,14,1.4346784260510500,0,6400,80,5331.384615384620,9074.630177151630,23149,0,1153.7769230769200,15.2895,0.002,3,36.864,0
0.17085526021442500,1.1887204870615700,8,2,75790.22222222220,4483.555555555560,283.3262744218720,4967.260869565220,6447.7347705281300,10683.5,0,319.28846153846200,10.683,0.001,2,36.336,0
0.19823977948340800,1.5101268966787300,15,2.033500618318170,0,6400,80,11851.555555555600,10486.909375355200,20587,0,1340.3295454545500,13.558,0.002,1,39.591,0
0.1510638964429200,1.2411554812943400,11,0,75790.22222222220,4483.555555555560,283.3262744218720,4512.923076923080,6709.163664049780,13576.5,0,314.74321266968300,13.575,0.002,4,39.35,0
0.18453211204847700,1.703796849308570,12,0,0,6400,80,9647.5,9638.001413674930,19097,0,1591.5757575757600,15.819,0.002,0,36.606,0
0.17991791875372000,1.9239340628292800,13,2.4498071781317200,75790.22222222220,6176,286.29743663229400,3416.3846153846200,4216.276867249320,9293.5,0,181.89224137931000,9.2925,0.003,5,32.329,0
0.1970987938312640,1.2110550608002900,8,4.2423371795927700,0,6400,80,3430.5,5934.456118016770,13636,0,1173.9038461538500,12.150000000000000,0.003,1,29.002,0
0.2601360197347000,0.9689835583469910,4,1.78934607626951,0,6400,80,3149.75,4423.7498634265800,9107,0,604.6730769230770,7.1685,0.002,2,19.021,0
0.19352607940274900,1.3152943509516800,15,2.6801228945936400,75790.22222222220,4483.555555555560,283.3262744218720,7405.04,10692.413776056400,16947,0,594.2644110275690,16.9465,0.002,6,49.795,0
0.18100595999917500,1.1850171342059800,7,0,75790.22222222220,4483.555555555560,283.3262744218720,2083.304347826090,3448.8162611285300,9732,0,200.64166666666700,9.731,0.002,8,29.893,0
0.1555914968456080,0.9490801931047900,5,2.137747869014750,0,6400,80,2149.8333333333300,3004.122634906160,6313,0,420.6826923076920,7.981,0.002,2,26.829,0
0.15370423235213700,1.0154508401981200,7,0.7694632061951620,75790.22222222220,6176,286.29743663229400,2254.1428571428600,3674.080413430520,11041,0,234.69,11.0405,0.002,1,36.606,0
0.151596811144691,1.3756217623252600,11,2.3588094160091500,0,6400,80,4268.375,5489.981191623060,11218,0,944.8409090909090,10.646,0.002,0,32.53,0
0.1864014764052860,1.4924634147680300,8,2.6085035217360000,0,6400,80,4565.444444444440,5009.358754950820,10039,0,673.1420454545460,8.4895,0.003,1,27.316,0
0.11915371040219400,1.2852289901897600,10,1.2758385155856200,75790.22222222220,4986,284.21158002836900,3237.5454545454500,4629.834973765000,9709,0,252.89915966386600,9.708,0.002,3,37.914,0
0.15055563622750200,1.3947720279131400,5,2.930973808614140,0,5329,73,3001.4444444444400,3368.176067947070,7987,0,630.7435897435900,7.083,0.003,1,24.627,0
0.11822808532268800,1.0301302142607800,9,2.051546077634280,75790.22222222220,4483.555555555560,283.3262744218720,1701.8333333333300,4188.733078814590,12722.5,0,566.5666666666670,12.722000000000000,0.002,0,45.609,0
0.1855691652655970,1.4088346107703800,8,0,0,6400,80,1940.0833333333300,3877.8719993129700,10723,0,887.5333333333330,8.5515,0.002,2,24.798,0
0.15179887471924900,1.0495798791737800,9,3.7031817053470700,75790.22222222220,6176,286.29743663229400,2723.6,4698.637513152080,10376.5,0,195.06129807692300,10.3755,0.002,6,36.736,0
0.18774974915663600,1.364189780566910,6,4.209966246148100,0,6400,80,3200.75,4389.261709463980,9295,0,605.2692307692310,9.502,0.002,2,24.424,0
0.18502341336169700,1.489879487394630,17,1.6032498297631600,75790.22222222220,6176,286.29743663229400,3290.4347826087000,7644.623088078980,16049.5,0,555.72,16.049500000000000,0.001,3,49.043,0
0.1801389071240830,1.4515919094376300,14,3.3703455347936200,75790.22222222220,6176,286.29743663229400,4650.086956521740,7024.144836781960,12519.5,0,472.29566563467500,12.52,0.002,3,41.552,0
0.1527525274458840,1.2984077665300500,13,2.8367702672210200,75790.22222222220,4483.555555555560,283.3262744218720,3574.68,6919.337527364890,15233.5,0,333.7606060606060,15.2335,0.002,5,49.425,0
0.16678758559893400,1.0872028986359300,12,3.080539016131900,75790.22222222220,6176,286.29743663229400,5490.125,9149.845858503570,16658.5,0,682.8949579831930,16.6575,0.002,2,49.658,0
0.16289044921267100,1.1941335910378000,7,2.544121978085600,75790.22222222220,4483.555555555560,283.3262744218720,3098.4444444444400,3796.529149137,7914.5,0,238.77058823529400,7.914,0.002,1,30.472,0
0.13432606749204300,1.0206932709326600,8,2.0724883186566800,75790.22222222220,4483.555555555560,283.3262744218720,3228.84,5939.2989800480700,12395,0,418.8019480519480,12.394,0.002,3,42.072,0
0.20916867418693400,1.3297210977969600,11,3.0157494322164100,75790.22222222220,4483.555555555560,283.3262744218720,2762.3214285714300,5646.477555922880,11836.5,0,363.5909090909090,11.837,0.001,4,34.669,0
0.19676894164218100,1.5796256516727800,12,1.483145720763600,75790.22222222220,6176,286.29743663229400,2536.2272727272700,4582.7616121506500,10127,0,300.61153846153800,10.1275,0,4,34.329,0
0.1809168365093450,1.4890197146998800,11,3.093526020328450,75790.22222222220,6176,286.29743663229400,7376,11070.891075247700,16454,0,630.7673992673990,16.4525,0.003,3,42.878,0
0.11660730298610200,1.068005990175960,12,2.344008902442490,75790.22222222220,4483.555555555560,283.3262744218720,2582.814814814820,5349.481892787560,14711.5,0,278.03679653679700,14.7105,0.002,6,47.296,0
0.18656258015086400,1.316286904927270,10,0,75790.22222222220,4483.555555555560,283.3262744218720,3843.2083333333300,5642.467508244710,12781.5,0,309.5625,12.7805,0.002,3,38.406,0
0.14684894882831100,1.183176935489480,9,1.4528993617493800,75790.22222222220,1952,278.8229226986590,2603.0476190476200,3804.3981124131100,9534.5,0,256.1363636363640,9.5335,0.002,2,33.496,0
0.2311403131575900,1.36003350802022,11,0,75790.22222222220,4483.555555555560,283.3262744218720,4553.346153846150,7836.771607386000,13843,0,392.48660714285700,13.842500000000000,0.002,6,38.399,0
0.1803166999934460,1.7243937423131700,14,0,75790.22222222220,4483.555555555560,283.3262744218720,3120.8846153846200,5230.902079336740,16968.5,0,270.38461538461500,16.9685,0.002,3,44.624,0
0.16670732493918700,1.1966602998011900,13,1.880714314913680,75790.22222222220,6176,286.29743663229400,6745.125,8578.418770925970,13764.5,0,677.2884615384620,13.764,0.002,1,46.732,0
0.1446127225141030,1.4772544879881600,14,1.3263931286252700,75790.22222222220,6176,286.29743663229400,3522.3684210526300,6368.358519484200,14054,0,684.1732456140350,14.0535,0.002,3,43.619,0
0.20330271286724600,1.1106383663051700,10,3.3270462576223000,0,1764,42,1530.4285714285700,5355.84709472188,20468,0,1302.9375,15.408000000000000,0.002,0,34.801,0
0.12551924335069300,0.9032399175462420,7,1.5595705405284500,0,1764,42,78.86363636363640,197.80713643127400,11196,0,283.97727272727300,11.743500000000000,0.003,2,36.24,0
0.19411934410593200,1.261042527337240,11,1.6165629514751100,0,1764,42,1198.4444444444400,4769.543982653810,21411,0,1069.9307692307700,15.3695,0.002,3,39.856,0
0.16062628263018900,0.925872191966005,5,3.2496318550905200,0,1764,42,125.95833333333300,213.82205981584100,8485,0,227.004329004329,10.673,0.002,1,27.473,0
0.19486047946891400,1.4276407327187900,9,2.7513369977546100,0,1764,42,2640.8125,6904.305425047750,20477,0,1086.2,13.7305,0.002,1,32.372,0
0.16352925931085600,1.6259148311641500,7,1.0311666375512200,0,1764,42,518.5714285714290,1949.2542058909800,8297,0,312.98974358974400,9.027000000000000,0.002,2,22.978,0
0.15168964164878200,1.2751686691802100,7,3.1932453510011900,0,1764,42,1957.125,3385.7317686690700,7495,0,417.82727272727300,9.342,0.001,2,27.482,0
0.14888215605317700,1.1047875020496000,4,2.0594260513484500,0,1,1,163.08,359.97954608560700,8586,0,243.770979020979,9.438000000000000,0.002,1,23.633,0
0.16416191484478800,1.2932825121324100,10,0.5420200050351700,0,1764,42,1237.0588235294100,3302.5589805587400,10739,0,559.1545454545460,10.094000000000000,0.002,2,29.746,0
0.1725908393060670,1.1670590729018100,6,1.8465704833145900,0,1764,42,230.03703703703700,485.23239804215400,7810,0,181.72564935064900,8.3825,0.002,3,21.947,0
0.1540150808611580,1.3109819611277400,7,3.038360998140480,0,25,5,1548.4615384615400,3600.195392462100,10065,0,630.4027777777780,7.5585,0.001,0,25.356,0
0.1557790488248600,1.2424548495883400,10,1.9590218147301300,0,1764,42,328.55172413793100,616.6496007322430,18561,0,352.07575757575800,13.172500000000000,0.001,6,36.676,0
0.19130287602281400,1.287289689089210,6,3.5691963532996100,0,1764,42,2499.1666666666700,3877.766729131030,9040,0,375.8333333333330,9.811,0.002,6,25.531,0
0.16111369784566900,1.064798140478970,8,3.588484936800760,0,1764,42,1464.15,5651.00721354167,26457,0,1004.6071428571400,17.0015,0.002,2,40.392,0
0.15016172315340700,1.598290833364600,11,0.9423340844098580,0,1764,42,3231.2,5349.30074184156,11836,0,786.2272727272730,10.493500000000000,0.002,1,31.182,0
0.16847614586724500,1.2475423362845700,6,1.8067688309134300,0,1764,42,1246.7407407407400,2886.9812196157900,10121,0,234.53722084367200,11.6175,0.002,5,28.326,0
0.20759677845284200,1.4494507645311800,7,2.0118336346351400,0,1764,42,1423.8666666666700,2833.337981172660,7273,0,371.92777777777800,8.8825,0.001,1,22.333,0
0.16420024518882400,1.1898591094588900,4,0,0,900,30,2020.5333333333300,3346.947044032150,7816,0,401.25,7.9015,0.002,1,20.647,0
0.134575184793221,1.1858876173470900,8,2.304427660427350,0,1764,42,526.551724137931,2112.373441811240,10093,0,299.25689223057600,12.734,0.002,6,36.154,0
0.2091912688824040,1.0683619393481000,6,0,0,1764,42,472.6111111111110,1725.6920717622900,9371,0,522.2611111111110,10.084,0.001,1,24.714,0
0.13222490541095800,1.4103798024703100,8,1.9560992002289100,0,1764,42,514.1875,1969.1018643898900,8466,0,247.87058823529400,9.392,0.002,5,30.283,0
0.1764647987881910,1.4167505092577100,10,2.1924809827456800,0,1764,42,2485.823529411770,4343.92773251682,10700,0,547.1333333333330,9.875500000000000,0.002,4,28.158,0
0.16831736931174700,1.0703556234761800,6,1.7583336588792400,0,1764,42,794.4074074074070,2391.1225360000600,11566,0,241.75058275058300,11.3845,0.002,7,29.558,0
0.1762369839446730,1.0587478080575900,4,0,0,900,30,919.7826086956520,2090.1112089514500,7403,0,180.27492877492900,7.4735,0.002,4,20.347,0
0.14465704663796300,1.2678188792133200,10,2.257684812547780,0,1764,42,812,3028.2238193370100,14646,0,399.4666666666670,13.5305,0.005,4,36.982,0
0.19428795693227500,1.418486368758700,8,1.1709369080835700,0,1764,42,888.2413793103450,2580.4684505908300,13683,0,308.02832244008700,11.5755,0.002,4,30.602,0
0.11836607740062400,1.2765157556694200,7,2.4151910623536400,0,1764,42,799.4074074074070,2526.461311784750,11835,0,281.6780626780630,12.0155,0.002,4,33.903,0
0.12009277945869900,1.3873096111921200,14,1.4764165362874000,0,1764,42,1580.6818181818200,5912.8592175049300,28692,0,847.0040485829960,19.938500000000000,0.003,3,47.91,0
0.17486916528884800,1.2950320219589900,12,2.764432232358060,0,1764,42,1296.125,5101.643373401850,25176,0,702.6175438596490,17.83,0.002,3,43.932,0
0.18307000444696900,1.0144669802550600,6,4.1231056256176600,0,1764,42,474.60869565217400,665.9273846775760,9797,0,313.04545454545500,9.810000000000000,0.002,3,27.728,0
0.1364090515712310,1.323489662958650,10,3.1559324339235000,0,1764,42,626.8076923076920,2785.0621733045000,15343,0,389.1468531468530,12.683,0.002,2,33.872,0